# Feature key	Position(s)	Length	Description	Graphical view	Feature identifier	Actions
Beta strand	84 – 93	10	Combined sources			
Turn	95 – 98	4	Combined sources			
Helix	99 – 113	15	Combined sources			
Beta strand	119 – 123	5	Combined sources			
Beta strand	128 – 130	3	Combined sources			
Beta strand	199 – 201	3	Combined sources			
Beta strand	210 – 212	3	Combined sources			
Beta strand	223 – 228	6	Combined sources			
Beta strand	235 – 247	13	Combined sources			
Beta strand	251 – 254	4	Combined sources			
Beta strand	256 – 258	3	Combined sources			
Beta strand	260 – 262	3	Combined sources			
Beta strand	267 – 269	3	Combined sources			
Beta strand	271 – 273	3	Combined sources			
Beta strand	277 – 279	3	Combined sources			
Beta strand	280 – 282	3	Combined sources			
Beta strand	284 – 297	14	Combined sources			
Turn	298 – 300	3	Combined sources			
Beta strand	330 – 334	5	Combined sources			
Helix	335 – 352	18	Combined sources			
Beta strand	359 – 361	3	Combined sources			
Helix	369 – 372	4	Combined sources			
Beta strand	374 – 378	5	Combined sources			
Beta strand	381 – 385	5	Combined sources			
Helix	388 – 390	3	Combined sources			
Beta strand	393 – 395	3	Combined sources			
Beta strand	413 – 417	5	Combined sources			
Beta strand	420 – 425	6	Combined sources			
Beta strand	427 – 430	4	Combined sources			
Beta strand	432 – 434	3	Combined sources			
Turn	440 – 442	3	Combined sources			
Beta strand	444 – 456	13	Combined sources			
Beta strand	466 – 470	5	Combined sources			
Helix	475 – 483	9	Combined sources			
Beta strand	486 – 490	5	Combined sources			
Helix	549 – 577	29	Combined sources			
Helix	590 – 604	15	Combined sources			
Helix	615 – 625	11	Combined sources			
Helix	629 – 650	22	Combined sources			
Turn	664 – 666	3	Combined sources			
Helix	672 – 674	3	Combined sources			
Helix	675 – 682	8	Combined sources			
Helix	683 – 688	6	Combined sources			
Helix	690 – 693	4	Combined sources		
