Figure,Protein,HLA,Codon,Amino Acid,DIRECTION,p-value,q-value,Direct or Indirect
1,GAG,B07,9,T,ADAPTED,0.000378608,0.049976287,Indirect
1,GAG,B49,12,D,ADAPTED,2.85777E-007,0.000109517,Direct
1,GAG,B49,12,E,NONADAPTED,7.07083E-012,6.22233E-009,Direct
1,GAG,B49,12,K,ADAPTED,0.000911092,0.09865776,Indirect
1,GAG,A03,18,R,NONADAPTED,0.002393201,0.188911832,Indirect
1,GAG,A24,20,R,ADAPTED,0.001216302,0.121671821,Indirect
1,GAG,A03,24,G,NONADAPTED,0.000859074,0.125997593,Indirect
1,GAG,A30,26,K,NONADAPTED,0.00238905,0.188911832,Indirect
1,GAG,A30,26,N,ADAPTED,4.23775E-005,0.008120084,Indirect
1,GAG,A30,26,S,ADAPTED,0.001121057,0.11581011,Indirect
1,GAG,B08,26,R,ADAPTED,0.000403094,0.052686123,Indirect
1,GAG,B15,26,K,NONADAPTED,3.68808E-018,5.4768E-015,Direct
1,GAG,B15,26,R,ADAPTED,5.28399E-024,1.25548E-020,Direct
1,GAG,C06,26,N,ADAPTED,0.000108756,0.025333844,Indirect
1,GAG,C17,26,R,NONADAPTED,0.00257313,0.197217927,Indirect
1,GAG,A03,28,K,NONADAPTED,2.08849E-045,1.65408E-041,Direct
1,GAG,A03,28,Q,ADAPTED,1.20182E-028,3.5694E-025,Direct
1,GAG,A03,28,R,ADAPTED,3.77779E-010,2.30155E-007,Direct
1,GAG,A03,28,T,ADAPTED,0.001906061,0.162322584,Indirect
1,GAG,A30,28,K,NONADAPTED,1.80111E-011,1.36376E-008,Direct
1,GAG,A30,28,R,ADAPTED,1.55648E-008,7.39638E-006,Indirect
1,GAG,C17,28,K,NONADAPTED,6.28963E-005,0.011236203,Indirect
1,GAG,A24,30,H,ADAPTED,2.56675E-005,0.005397,Direct
1,GAG,A24,30,K,NONADAPTED,1.99125E-016,2.62845E-013,Direct
1,GAG,A24,30,Q,NONADAPTED,0.000147142,0.023307217,Indirect
1,GAG,A24,30,R,ADAPTED,3.27033E-023,6.95529E-020,Direct
1,GAG,B15,30,K,ADAPTED,0.000437161,0.062638088,Indirect
1,GAG,B15,30,R,NONADAPTED,0.000596999,0.094564633,Indirect
1,GAG,C03,31,L,NONADAPTED,0.000108659,0.018441029,Indirect
1,GAG,C03,31,M,ADAPTED,2.69107E-006,0.000752234,Direct
1,GAG,B78,34,I,NONADAPTED,0.001333413,0.171253483,Indirect
1,GAG,C03,34,I,NONADAPTED,0.000187891,0.028435039,Indirect
1,GAG,B07,49,D,ADAPTED,0.000541075,0.064701717,Indirect
1,GAG,C03,49,S,NONADAPTED,0.000884278,0.127381625,Indirect
1,GAG,C16,49,G,NONADAPTED,0.000071141,0.01673575,Direct
1,GAG,A66,54,T,ADAPTED,0.000512605,0.084579755,Indirect
1,GAG,B49,55,N,ADAPTED,0.000884595,0.096494312,Indirect
1,GAG,C08,55,D,NONADAPTED,0.000145355,0.023178756,Indirect
1,GAG,B49,58,K,ADAPTED,0.002290296,0.184465873,Indirect
1,GAG,B49,58,R,NONADAPTED,0.000158424,0.033311176,Indirect
1,GAG,A30,60,I,NONADAPTED,0.00045146,0.05711286,Indirect
1,GAG,A30,60,L,ADAPTED,0.00045146,0.05711286,Indirect
1,GAG,C14,62,G,NONADAPTED,0.000723804,0.082428458,Indirect
1,GAG,A68,64,I,ADAPTED,0.001239835,0.121786458,Indirect
1,GAG,B08,65,H,NONADAPTED,0.000997815,0.104902996,Indirect
1,GAG,A02,67,A,NONADAPTED,0.001256286,0.122836899,Indirect
1,GAG,A02,67,S,ADAPTED,0.000289911,0.041247152,Indirect
1,GAG,A24,67,T,NONADAPTED,0.00030976,0.058879172,Indirect
1,GAG,C03,67,S,NONADAPTED,0.000457077,0.057158634,Indirect
1,GAG,A33,69,E,ADAPTED,0.001261406,0.13988621,Indirect
1,GAG,A01,76,K,ADAPTED,1.12804E-005,0.003011485,Direct
1,GAG,A01,76,R,NONADAPTED,0.000108395,0.018441029,Indirect
1,GAG,B18,78,L,NONADAPTED,0.000635167,0.073978308,Indirect
1,GAG,A01,79,F,ADAPTED,2.51251E-006,0.000725798,Direct
1,GAG,A01,79,Y,NONADAPTED,5.9578E-007,0.000205156,Direct
1,GAG,A29,79,F,NONADAPTED,0.000481563,0.059284648,Indirect
1,GAG,A29,79,Y,ADAPTED,0.000879116,0.096494312,Indirect
1,GAG,A36,79,F,ADAPTED,4.08416E-005,0.007889409,Direct
1,GAG,A36,79,Y,NONADAPTED,6.20473E-007,0.000210606,Direct
1,GAG,C14,79,H,ADAPTED,2.97904E-012,2.94925E-009,Direct
1,GAG,C14,79,Y,NONADAPTED,8.51524E-008,3.61289E-005,Direct
1,GAG,B08,81,A,NONADAPTED,0.001800158,0.154975906,Indirect
1,GAG,B18,81,T,NONADAPTED,0.000880798,0.127381625,Indirect
1,GAG,C14,81,A,ADAPTED,6.73482E-006,0.001720637,Indirect
1,GAG,C14,81,T,NONADAPTED,1.70283E-006,0.000525446,Direct
1,GAG,A11,83,A,NONADAPTED,1.10802E-005,0.002991641,Direct
1,GAG,A11,83,V,ADAPTED,4.00467E-006,0.001235727,Direct
1,GAG,A68,83,V,ADAPTED,0.000900193,0.128836408,Indirect
1,GAG,A29,86,F,ADAPTED,5.78688E-006,0.001697484,Direct
1,GAG,A29,86,Y,NONADAPTED,0.000207745,0.031240687,Indirect
1,GAG,C14,86,Y,NONADAPTED,0.001207348,0.121671821,Indirect
1,GAG,A11,91,G,ADAPTED,0.00031594,0.046554379,Indirect
1,GAG,A31,91,K,ADAPTED,4.61255E-005,0.008767535,Indirect
1,GAG,A31,91,R,NONADAPTED,0.001105818,0.125662549,Indirect
1,GAG,B18,91,E,ADAPTED,9.09881E-005,0.015665776,Indirect
1,GAG,B27,91,Q,ADAPTED,0.000432214,0.074415956,Indirect
1,GAG,A11,93,D,NONADAPTED,3.33031E-005,0.006539509,Direct
1,GAG,A11,93,E,ADAPTED,0.001109375,0.148919453,Indirect
1,GAG,B40,93,D,ADAPTED,3.89811E-006,0.001218671,Direct
1,GAG,B40,93,E,NONADAPTED,4.42007E-009,2.5005E-006,Direct
1,GAG,A31,94,I,ADAPTED,0.000120335,0.020110338,Indirect
1,GAG,A31,94,V,NONADAPTED,0.000121881,0.020110338,Indirect
1,GAG,A03,95,K,NONADAPTED,2.5354E-006,0.000725798,Indirect
1,GAG,A03,95,R,ADAPTED,1.84422E-006,0.000561779,Indirect
1,GAG,B08,104,L,ADAPTED,5.93146E-005,0.01079085,Indirect
1,GAG,A24,109,K,ADAPTED,2.45649E-006,0.00072057,Direct
1,GAG,A66,111,C,ADAPTED,0.001231475,0.121786458,Indirect
1,GAG,C03,114,R,NONADAPTED,0.000359525,0.047990528,Indirect
1,GAG,B35,118,A,NONADAPTED,0.000426224,0.07392024,Indirect
1,GAG,B35,118,T,ADAPTED,0.000270518,0.039170733,Indirect
1,GAG,A02,119,K,ADAPTED,5.86326E-005,0.01079085,Direct
1,GAG,A24,119,V,ADAPTED,0.001177517,0.120593931,Indirect
1,GAG,A30,119,G,ADAPTED,0.002416906,0.189523707,Indirect
1,GAG,B07,119,E,NONADAPTED,0.001238729,0.121786458,Indirect
1,GAG,B58,121,A,NONADAPTED,0.001427548,0.13146723,Indirect
1,GAG,C05,121,D,NONADAPTED,0.002520111,0.194408579,Indirect
1,GAG,A33,122,T,ADAPTED,0.001221366,0.16212099,Indirect
1,GAG,A33,124,N,ADAPTED,0.000885343,0.096494312,Indirect
1,GAG,A11,127,P,ADAPTED,1.03307E-008,5.22249E-006,Direct
1,GAG,A11,127,Q,NONADAPTED,1.00713E-005,0.002392931,Indirect
1,GAG,B27,127,N,ADAPTED,0.00131223,0.124217457,Indirect
1,GAG,B46,127,Q,NONADAPTED,0.000122538,0.027995118,Indirect
1,GAG,A11,132,F,ADAPTED,0.001283819,0.123732195,Indirect
1,GAG,A11,132,Y,NONADAPTED,0.001599201,0.14231092,Indirect
1,GAG,A02,143,T,NONADAPTED,0.001677213,0.147050073,Indirect
1,GAG,B13,146,A,NONADAPTED,0.000348371,0.046764349,Indirect
1,GAG,B13,146,S,ADAPTED,1.07692E-006,0.000350514,Direct
1,GAG,B14,146,P,ADAPTED,4.20217E-007,0.000170981,Direct
1,GAG,B39,146,A,NONADAPTED,0.00109934,0.114062529,Indirect
1,GAG,B57,146,A,NONADAPTED,4.23976E-006,0.001144735,Indirect
1,GAG,B57,146,P,ADAPTED,6.95136E-005,0.012144429,Indirect
1,GAG,C06,146,A,ADAPTED,0.000811167,0.090911965,Indirect
1,GAG,C06,146,P,NONADAPTED,0.000178493,0.036353645,Indirect
1,GAG,C08,146,A,NONADAPTED,7.10717E-009,0.000003671,Direct
1,GAG,C08,146,P,ADAPTED,1.41299E-008,6.85155E-006,Indirect
1,GAG,A25,147,I,NONADAPTED,4.55241E-007,0.000163887,Direct
1,GAG,A25,147,L,ADAPTED,1.3877E-007,5.68479E-005,Direct
1,GAG,B13,147,I,NONADAPTED,9.2704E-013,0.000000001,Direct
1,GAG,B13,147,L,ADAPTED,2.62137E-011,1.88739E-008,Direct
1,GAG,B14,147,I,ADAPTED,7.81752E-006,0.001955202,Indirect
1,GAG,B14,147,L,NONADAPTED,1.31772E-005,0.003010493,Indirect
1,GAG,B15,147,I,ADAPTED,5.92132E-006,0.001529244,Indirect
1,GAG,B15,147,L,NONADAPTED,0.000173426,0.027109283,Indirect
1,GAG,B57,147,I,NONADAPTED,2.95263E-012,2.94925E-009,Direct
1,GAG,B57,147,L,ADAPTED,1.40328E-010,9.52629E-008,Direct
1,GAG,B53,148,S,NONADAPTED,0.0005803,0.092536473,Indirect
1,GAG,C02,148,S,ADAPTED,0.002428591,0.189813556,Indirect
1,GAG,C06,148,A,ADAPTED,0.000359676,0.064254965,Indirect
1,GAG,C06,148,S,NONADAPTED,0.00044746,0.075940367,Indirect
1,GAG,B57,163,A,NONADAPTED,0.000300614,0.042263827,Indirect
1,GAG,A26,168,V,NONADAPTED,0.000611655,0.095099385,Indirect
1,GAG,A25,173,T,NONADAPTED,0.00164332,0.144612164,Indirect
1,GAG,B27,173,I,ADAPTED,0.000376144,0.049928346,Indirect
1,GAG,B57,173,S,NONADAPTED,0.001280993,0.123732195,Indirect
1,GAG,B57,173,T,ADAPTED,0.002050895,0.170382014,Indirect
1,GAG,B42,182,Q,NONADAPTED,2.82471E-005,0.005836094,Direct
1,GAG,B42,182,T,ADAPTED,1.04486E-005,0.002458,Direct
1,GAG,B81,182,G,ADAPTED,1.18567E-008,5.86905E-006,Direct
1,GAG,B81,182,Q,NONADAPTED,1.49394E-005,0.003317392,Direct
1,GAG,B14,186,I,ADAPTED,8.30438E-006,0.002034146,Direct
1,GAG,C08,186,T,NONADAPTED,1.88588E-006,0.000567195,Direct
1,GAG,B38,200,I,ADAPTED,0.000469377,0.058085462,Indirect
1,GAG,B38,200,M,NONADAPTED,0.000614002,0.072221217,Indirect
1,GAG,B41,203,D,ADAPTED,0.000439825,0.056794841,Indirect
1,GAG,B41,203,E,NONADAPTED,0.000700694,0.080427516,Indirect
1,GAG,A25,211,D,ADAPTED,2.42527E-007,9.76687E-005,Direct
1,GAG,A25,211,E,NONADAPTED,2.49884E-007,9.89539E-005,Direct
1,GAG,C06,211,D,NONADAPTED,0.000121558,0.020110338,Indirect
1,GAG,C06,211,E,ADAPTED,0.000119047,0.020060652,Indirect
1,GAG,B07,215,M,NONADAPTED,0.001385231,0.176952029,Indirect
1,GAG,B40,218,A,ADAPTED,0.002105827,0.173548243,Indirect
1,GAG,A25,223,A,ADAPTED,0.000656406,0.099975748,Indirect
1,GAG,A25,223,T,ADAPTED,0.000490735,0.059866848,Indirect
1,GAG,B55,223,V,NONADAPTED,0.001523987,0.137323982,Indirect
1,GAG,B56,223,V,NONADAPTED,0.000526918,0.086341873,Indirect
1,GAG,B53,228,M,NONADAPTED,0.001083256,0.147075273,Indirect
1,GAG,B58,228,M,NONADAPTED,0.002282263,0.184444143,Indirect
1,GAG,B57,242,N,ADAPTED,2.08849E-045,1.65408E-041,Direct
1,GAG,B57,242,T,NONADAPTED,2.08849E-045,1.65408E-041,Direct
1,GAG,B58,242,N,ADAPTED,1.41516E-042,8.40608E-039,Direct
1,GAG,B58,242,T,NONADAPTED,5.05953E-041,2.40429E-037,Direct
1,GAG,A34,247,I,NONADAPTED,0.001069793,0.146082036,Indirect
1,GAG,B15,247,I,ADAPTED,0.002134497,0.174881563,Indirect
1,GAG,B56,247,I,NONADAPTED,0.001942287,0.164194535,Indirect
1,GAG,B57,248,A,ADAPTED,6.14409E-010,0.000000365,Indirect
1,GAG,B57,248,G,NONADAPTED,1.50168E-013,1.78399E-010,Direct
1,GAG,B58,248,A,ADAPTED,1.24571E-005,0.002873607,Indirect
1,GAG,B58,248,G,NONADAPTED,1.30152E-006,0.000416128,Direct
1,GAG,B07,252,S,NONADAPTED,0.001167389,0.120074305,Indirect
1,GAG,B44,256,I,ADAPTED,0.00062425,0.096272859,Indirect
1,GAG,C08,256,M,ADAPTED,0.002302694,0.18483788,Indirect
1,GAG,B58,257,Q,ADAPTED,0.000958665,0.133589592,Indirect
1,GAG,B35,260,D,NONADAPTED,0.001461946,0.133599399,Indirect
1,GAG,B35,260,E,ADAPTED,0.00135619,0.126862479,Indirect
1,GAG,B27,264,G,ADAPTED,0.000219896,0.043539393,Indirect
1,GAG,B27,264,K,ADAPTED,3.07487E-005,0.006139411,Indirect
1,GAG,B27,264,R,NONADAPTED,6.50439E-012,6.16865E-009,Indirect
1,GAG,B08,268,I,ADAPTED,7.05744E-006,0.002044936,Direct
1,GAG,B08,268,M,NONADAPTED,8.35163E-011,5.83632E-008,Direct
1,GAG,B27,268,L,NONADAPTED,3.42164E-015,4.27886E-012,Direct
1,GAG,B27,268,M,ADAPTED,3.99574E-013,4.5209E-010,Direct
1,GAG,C02,273,I,NONADAPTED,0.000557298,0.065877668,Indirect
1,GAG,C02,273,V,ADAPTED,0.000297069,0.04201411,Indirect
1,GAG,A30,280,T,NONADAPTED,0.001913238,0.162351886,Indirect
1,GAG,A34,280,A,ADAPTED,0.001601445,0.194134343,Indirect
1,GAG,B52,280,S,ADAPTED,4.08739E-009,2.15814E-006,Direct
1,GAG,B52,280,T,NONADAPTED,4.36053E-006,0.001328285,Direct
1,GAG,C01,281,G,ADAPTED,0.000977561,0.135039787,Indirect
1,GAG,C01,281,S,NONADAPTED,0.001499607,0.16473231,Indirect
1,GAG,A36,286,K,ADAPTED,0.000804185,0.090556539,Indirect
1,GAG,A36,286,R,NONADAPTED,0.000819866,0.091455464,Indirect
1,GAG,B14,286,K,ADAPTED,2.84084E-007,0.000109517,Indirect
1,GAG,B14,286,R,NONADAPTED,3.11126E-007,0.000117339,Indirect
1,GAG,B52,286,K,ADAPTED,4.24573E-007,0.000170981,Direct
1,GAG,B52,286,R,NONADAPTED,4.24573E-007,0.000170981,Direct
1,GAG,C16,292,P,NONADAPTED,0.000668437,0.101159609,Indirect
1,GAG,C16,292,S,ADAPTED,0.001303036,0.124217457,Indirect
1,GAG,B14,302,K,NONADAPTED,1.83671E-011,1.36376E-008,Direct
1,GAG,B14,302,R,ADAPTED,1.83671E-011,1.36376E-008,Direct
1,GAG,A68,303,V,ADAPTED,0.001484639,0.18523347,Indirect
1,GAG,B14,303,T,NONADAPTED,5.18807E-007,0.000181277,Direct
1,GAG,B14,303,V,ADAPTED,1.75187E-008,8.16167E-006,Direct
1,GAG,B53,309,G,ADAPTED,0.001884539,0.161648558,Indirect
1,GAG,B41,310,S,NONADAPTED,0.00054912,0.08875571,Indirect
1,GAG,B44,310,S,NONADAPTED,0.000451903,0.05711286,Indirect
1,GAG,B44,310,T,ADAPTED,0.000256497,0.037619606,Indirect
1,GAG,A02,312,D,NONADAPTED,0.001308927,0.124217457,Indirect
1,GAG,B14,312,D,ADAPTED,0.001213419,0.121671821,Indirect
1,GAG,B44,312,D,NONADAPTED,1.33541E-011,1.09411E-008,Direct
1,GAG,B44,312,E,ADAPTED,6.75021E-012,6.16865E-009,Direct
1,GAG,B45,312,D,ADAPTED,2.7656E-008,1.23983E-005,Direct
1,GAG,B45,312,E,NONADAPTED,3.27714E-008,1.44194E-005,Direct
1,GAG,C08,312,E,NONADAPTED,0.000487843,0.059748211,Indirect
1,GAG,A74,315,G,ADAPTED,0.00148904,0.135219209,Indirect
1,GAG,B57,315,G,ADAPTED,0.00096144,0.102587069,Indirect
1,GAG,B51,326,A,NONADAPTED,0.000003516,0.00096023,Indirect
1,GAG,B51,326,S,ADAPTED,3.10847E-006,0.000858804,Direct
1,GAG,B08,331,K,NONADAPTED,4.42749E-007,0.000161842,Direct
1,GAG,B08,331,R,ADAPTED,4.42749E-007,0.000161842,Direct
1,GAG,B55,339,P,NONADAPTED,8.22268E-006,0.002348954,Direct
1,GAG,B55,339,Q,ADAPTED,5.62807E-006,0.001671536,Direct
1,GAG,B57,340,A,NONADAPTED,0.000346924,0.046764349,Indirect
1,GAG,B57,340,G,ADAPTED,0.000184338,0.028207542,Indirect
1,GAG,C03,340,A,ADAPTED,3.8036E-007,0.000161381,Direct
1,GAG,C03,340,G,NONADAPTED,4.22261E-008,2.00659E-005,Direct
1,GAG,A11,357,G,NONADAPTED,2.21048E-008,1.01002E-005,Direct
1,GAG,A11,357,S,ADAPTED,1.21124E-007,5.04895E-005,Direct
1,GAG,B07,357,A,NONADAPTED,0.001525822,0.137323982,Indirect
1,GAG,B07,357,G,ADAPTED,6.77525E-020,1.0732E-016,Direct
1,GAG,B07,357,S,NONADAPTED,7.09506E-018,9.9164E-015,Direct
1,GAG,B35,362,I,ADAPTED,6.66472E-005,0.011817441,Indirect
1,GAG,B35,362,V,NONADAPTED,6.78543E-005,0.011942361,Indirect
1,GAG,C03,370,T,ADAPTED,0.000175824,0.027127058,Indirect
1,GAG,A25,371,T,ADAPTED,0.001564412,0.191600183,Indirect
1,GAG,B07,371,N,ADAPTED,0.00078986,0.116565689,Indirect
1,GAG,B41,371,A,ADAPTED,0.00045104,0.05711286,Indirect
1,GAG,C15,371,A,ADAPTED,0.000905542,0.128836408,Indirect
1,GAG,A68,372,S,ADAPTED,0.001334725,0.125662549,Indirect
1,GAG,B42,372,Q,ADAPTED,0.000684309,0.078928109,Indirect
1,GAG,C15,372,N,NONADAPTED,3.72003E-010,2.30155E-007,Direct
1,GAG,B35,373,P,ADAPTED,0.000467249,0.058085462,Indirect
1,GAG,C01,373,V,ADAPTED,0.001088429,0.113425755,Indirect
1,GAG,B45,374,A,NONADAPTED,2.3771E-009,1.31348E-006,Direct
1,GAG,B45,374,T,ADAPTED,3.6616E-009,1.97726E-006,Direct
1,GAG,A30,375,I,ADAPTED,0.001416637,0.130970026,Indirect
1,GAG,B82,375,A,ADAPTED,0.000962833,0.102587069,Indirect
1,GAG,B13,376,I,NONADAPTED,0.001240418,0.121786458,Indirect
1,GAG,B14,376,V,ADAPTED,0.002219329,0.180586461,Indirect
1,GAG,C12,378,I,ADAPTED,0.001962595,0.164194535,Indirect
1,GAG,B27,380,K,ADAPTED,4.99035E-006,0.001332255,Indirect
1,GAG,B27,380,R,NONADAPTED,1.40223E-005,0.003173048,Indirect
1,GAG,A31,383,V,ADAPTED,0.000139003,0.022317171,Indirect
1,GAG,B27,383,F,NONADAPTED,0.0008839,0.096494312,Indirect
1,GAG,B27,383,Y,ADAPTED,0.001367669,0.127434555,Indirect
1,GAG,A02,385,K,ADAPTED,0.000403572,0.052686123,Indirect
1,GAG,A30,386,S,ADAPTED,0.000835247,0.092735884,Indirect
1,GAG,A31,386,P,NONADAPTED,0.001962496,0.164194535,Indirect
1,GAG,B42,387,K,NONADAPTED,0.000612382,0.095099385,Indirect
1,GAG,B44,387,G,NONADAPTED,0.000628043,0.082428458,Indirect
1,GAG,C02,387,G,ADAPTED,0.000175537,0.027127058,Indirect
1,GAG,C17,387,K,NONADAPTED,0.002406804,0.189356476,Indirect
1,GAG,A02,388,K,NONADAPTED,0.001491054,0.135219209,Indirect
1,GAG,B13,389,I,NONADAPTED,1.83461E-005,0.00392705,Direct
1,GAG,B27,389,T,ADAPTED,0.000743866,0.111862314,Indirect
1,GAG,B39,389,P,ADAPTED,0.00155395,0.153949283,Indirect
1,GAG,B42,389,S,ADAPTED,0.002373802,0.188911832,Indirect
1,GAG,B44,389,K,ADAPTED,0.000609929,0.095099385,Indirect
1,GAG,B08,390,K,ADAPTED,0.001215111,0.121671821,Indirect
1,GAG,A31,397,K,NONADAPTED,7.65482E-033,2.59827E-029,Direct
1,GAG,A31,397,R,ADAPTED,7.33267E-033,2.59827E-029,Direct
1,GAG,B18,398,D,NONADAPTED,0.001688355,0.147482758,Indirect
1,GAG,B40,398,D,ADAPTED,1.47339E-006,0.000507358,Direct
1,GAG,B40,398,E,NONADAPTED,3.84471E-008,1.66091E-005,Direct
1,GAG,C06,398,V,NONADAPTED,0.000239817,0.047091311,Indirect
1,GAG,A03,401,I,ADAPTED,0.000357801,0.064254965,Indirect
1,GAG,A03,401,L,NONADAPTED,0.000174302,0.036328105,Indirect
1,GAG,A31,401,I,NONADAPTED,0.000287892,0.041206727,Indirect
1,GAG,A31,401,L,ADAPTED,0.000029722,0.005984701,Direct
1,GAG,B52,401,I,NONADAPTED,5.12787E-005,0.009669703,Indirect
1,GAG,B52,401,L,ADAPTED,2.96182E-005,0.005984701,Indirect
1,GAG,A03,403,K,NONADAPTED,0.000185201,0.028207542,Indirect
1,GAG,A03,403,R,ADAPTED,0.000272019,0.039170733,Indirect
1,GAG,A30,403,K,NONADAPTED,1.36973E-006,0.00042822,Indirect
1,GAG,A30,403,R,ADAPTED,5.18723E-006,0.001362224,Indirect
1,GAG,A31,403,K,ADAPTED,3.51277E-023,6.95529E-020,Direct
1,GAG,A31,403,R,NONADAPTED,5.97186E-023,1.09147E-019,Direct
1,GAG,A33,403,K,ADAPTED,7.92196E-012,7.84274E-009,Direct
1,GAG,A33,403,R,NONADAPTED,1.1459E-011,1.04717E-008,Direct
1,GAG,A31,404,H,ADAPTED,0.000008118,0.002009201,Indirect
1,GAG,A31,404,N,NONADAPTED,7.34984E-006,0.00185779,Indirect
1,GAG,B35,409,R,NONADAPTED,0.002275894,0.184444143,Indirect
1,GAG,B07,410,K,ADAPTED,0.001424203,0.179995039,Indirect
1,GAG,B07,410,R,NONADAPTED,0.001424203,0.179995039,Indirect
1,GAG,A26,427,T,ADAPTED,0.001205881,0.121671821,Indirect
1,GAG,B40,427,N,ADAPTED,3.53186E-005,0.006878433,Indirect
1,GAG,B58,427,I,ADAPTED,0.000544627,0.064701717,Indirect
1,GAG,B13,429,R,NONADAPTED,0.000217751,0.043476931,Indirect
1,GAG,B57,435,R,ADAPTED,0.000933012,0.100309299,Indirect
1,GAG,B13,436,K,NONADAPTED,1.73779E-005,0.003788065,Indirect
1,GAG,B13,436,R,ADAPTED,1.73779E-005,0.003788065,Indirect
1,GAG,B13,437,I,NONADAPTED,2.21465E-009,1.25286E-006,Direct
1,GAG,B13,437,L,ADAPTED,1.54568E-009,8.95742E-007,Direct
1,GAG,A01,439,P,ADAPTED,0.000331625,0.045810498,Indirect
1,GAG,A01,439,S,NONADAPTED,0.000341739,0.046554379,Indirect
1,GAG,A31,439,P,NONADAPTED,0.001379613,0.128045333,Indirect
1,GAG,A31,439,S,ADAPTED,0.001438497,0.131964017,Indirect
1,GAG,A30,440,P,ADAPTED,0.002515022,0.194408579,Indirect
1,GAG,A30,440,S,NONADAPTED,0.000342888,0.046554379,Indirect
1,GAG,A31,441,H,NONADAPTED,9.89132E-012,8.3935E-009,Direct
1,GAG,A31,441,Q,ADAPTED,0.001218767,0.121671821,Indirect
1,GAG,A31,441,Y,ADAPTED,0.002516859,0.194408579,Indirect
1,GAG,A74,441,H,NONADAPTED,1.18734E-006,0.000381232,Direct
1,GAG,A74,441,Y,ADAPTED,9.54014E-006,0.002312997,Direct
1,GAG,A31,442,K,NONADAPTED,2.94697E-005,0.005984701,Indirect
1,GAG,A31,442,R,ADAPTED,0.000002585,0.000731177,Indirect
1,GAG,B39,449,L,ADAPTED,0.001286273,0.123732195,Indirect
1,GAG,B57,449,F,ADAPTED,0.00026501,0.038629624,Indirect
1,GAG,B81,453,T,ADAPTED,0.001544766,0.138504286,Indirect
1,GAG,C06,453,L,NONADAPTED,0.000368509,0.055459636,Indirect
1,GAG,C06,466,V,ADAPTED,0.00195579,0.164194535,Indirect
1,GAG,A01,470,K,ADAPTED,0.002198009,0.179466287,Indirect
1,GAG,B14,473,T,ADAPTED,0.000059065,0.01079085,Indirect
1,GAG,B15,473,F,ADAPTED,0.00161656,0.142786139,Indirect
1,GAG,B46,473,L,ADAPTED,0.000456636,0.057158634,Indirect
1,GAG,A29,474,L,ADAPTED,0.000913498,0.09865776,Indirect
1,GAG,C17,474,K,ADAPTED,6.07671E-005,0.010938073,Indirect
1,GAG,B49,477,K,ADAPTED,3.32144E-005,0.006539509,Indirect
1,GAG,B38,478,T,NONADAPTED,0.000959178,0.133589592,Indirect
1,GAG,C06,478,L,ADAPTED,0.000947062,0.133589592,Indirect
1,GAG,B08,479,R,ADAPTED,0.002571089,0.197217927,Indirect
1,GAG,B53,479,A,ADAPTED,0.000326846,0.045681521,Indirect
1,GAG,B81,479,R,ADAPTED,0.000767988,0.11442651,Indirect
1,GAG,B40,482,D,ADAPTED,3.53598E-020,6.00107E-017,Direct
1,GAG,B40,482,E,NONADAPTED,2.47243E-024,6.52721E-021,Direct
1,GAG,B78,482,D,ADAPTED,0.000115762,0.026703957,Indirect
1,GAG,B78,482,E,NONADAPTED,0.000770549,0.11442651,Indirect
1,GAG,B07,487,A,NONADAPTED,0.001292364,0.123816852,Indirect
1,GAG,B07,487,T,ADAPTED,0.000536131,0.064662257,Indirect
1,GAG,B42,487,I,ADAPTED,0.000162101,0.025506722,Indirect
1,GAG,A68,490,K,ADAPTED,0.000139013,0.022317171,Indirect
1,GAG,A68,490,R,NONADAPTED,0.000139013,0.022317171,Indirect
1,GAG,A33,498,S,NONADAPTED,0.000544266,0.064701717,Indirect
1,GAG,B51,499,L,NONADAPTED,0.000194244,0.039446514,Indirect
1,GAG,B78,500,Q,NONADAPTED,5.61562E-005,0.010506074,Direct
2,PR,B15,10,I,ADAPTED,0.000178515,0.028332765,Direct
2,PR,B15,10,L,NONADAPTED,0.001495335,0.127617892,Indirect
2,PR,C06,10,I,ADAPTED,0.000526786,0.063653029,Direct
2,PR,C06,10,L,NONADAPTED,0.001247802,0.111393723,Direct
2,PR,B51,12,P,ADAPTED,0.0000131,0.003075341,Indirect
2,PR,B51,12,S,ADAPTED,0.001716251,0.138180879,Indirect
2,PR,B51,12,T,NONADAPTED,9.37E-009,0.000005,Direct
2,PR,B52,12,A,ADAPTED,4.4E-011,3.03E-008,Direct
2,PR,B52,12,T,NONADAPTED,1.68E-011,1.33E-008,Direct
2,PR,C01,12,A,ADAPTED,0.001247176,0.136522552,Direct
2,PR,C06,12,T,NONADAPTED,0.00088517,0.088459281,Direct
2,PR,B51,13,I,NONADAPTED,0.000665915,0.089354088,Direct
2,PR,B51,13,V,ADAPTED,0.000646564,0.088425971,Direct
2,PR,A31,14,R,NONADAPTED,0.000714009,0.075044795,Direct
2,PR,B51,14,K,NONADAPTED,3.19E-014,4.86E-011,Direct
2,PR,B51,14,R,ADAPTED,8.14E-014,1.02E-010,Direct
2,PR,B51,15,I,NONADAPTED,8.14E-008,0.0000369,Direct
2,PR,B51,15,V,ADAPTED,0.00000083,0.000291178,Direct
2,PR,C06,15,I,ADAPTED,0.002390469,0.169445321,Indirect
2,PR,C06,15,V,NONADAPTED,0.001225962,0.110835307,Indirect
2,PR,C15,15,L,ADAPTED,0.00068145,0.073804198,Direct
2,PR,C15,16,E,ADAPTED,0.000155108,0.025682739,Direct
2,PR,C15,16,G,NONADAPTED,0.000231574,0.033841459,Direct
2,PR,B81,19,I,ADAPTED,0.002546369,0.176968526,Direct
2,PR,B81,19,L,NONADAPTED,0.000327494,0.043400121,Direct
2,PR,C01,19,Q,ADAPTED,0.001873407,0.14723182,Direct
2,PR,C15,19,I,ADAPTED,0.000582095,0.068239449,Indirect
2,PR,C15,19,L,NONADAPTED,0.00000742,0.001979084,Direct
2,PR,B51,20,M,ADAPTED,0.000359232,0.05594313,Direct
2,PR,B44,35,D,ADAPTED,1.43E-026,6.08E-023,Direct
2,PR,B44,35,E,NONADAPTED,6.72E-026,2.36E-022,Direct
2,PR,C18,35,D,NONADAPTED,0.001044648,0.099060519,Indirect
2,PR,C18,35,E,ADAPTED,0.00065714,0.07218398,Indirect
2,PR,C07,36,L,NONADAPTED,0.001399647,0.120414807,Direct
2,PR,B44,37,C,ADAPTED,0.000992282,0.117592882,Direct
2,PR,B44,37,N,NONADAPTED,2.34E-010,0.000000147,Direct
2,PR,B44,37,S,ADAPTED,0.00004,0.008984478,Direct
2,PR,C14,39,S,ADAPTED,0.001777665,0.141523386,Direct
2,PR,B38,62,I,NONADAPTED,0.001973489,0.15145389,Indirect
2,PR,B38,62,V,ADAPTED,0.001711761,0.138180879,Indirect
2,PR,C12,62,I,NONADAPTED,0.000759742,0.094790093,Direct
2,PR,B13,63,C,NONADAPTED,0.0000256,0.005402089,Direct
2,PR,B13,63,P,NONADAPTED,0.00000498,0.00141602,Direct
2,PR,B13,63,S,ADAPTED,0.000000167,0.0000697,Direct
2,PR,B13,63,T,ADAPTED,0.00000162,0.00051727,Indirect
2,PR,B42,63,H,ADAPTED,0.001142523,0.105986408,Direct
2,PR,C04,63,A,ADAPTED,0.000991157,0.096124229,Direct
2,PR,C18,63,P,NONADAPTED,0.000536901,0.077923682,Direct
2,PR,A30,64,M,ADAPTED,0.0000747,0.01398314,Direct
2,PR,C04,64,L,ADAPTED,0.001965536,0.151395939,Direct
2,PR,B13,65,D,ADAPTED,0.000661934,0.07218398,Indirect
2,PR,B13,65,E,NONADAPTED,0.00111765,0.10458847,Direct
2,PR,B40,65,D,NONADAPTED,0.002420593,0.170448074,Direct
2,PR,B13,67,Y,ADAPTED,0.0000837,0.017857866,Direct
2,PR,C06,67,C,NONADAPTED,0.001007078,0.096788403,Direct
2,PR,B42,69,H,NONADAPTED,0.00158311,0.15596902,Direct
2,PR,C08,70,T,ADAPTED,0.000565417,0.066650513,Direct
2,PR,B15,71,V,ADAPTED,0.000193378,0.029407591,Indirect
2,PR,B53,71,T,NONADAPTED,0.001816989,0.144116305,Indirect
2,PR,C06,72,T,ADAPTED,0.001912471,0.148921488,Direct
2,PR,C08,82,I,ADAPTED,0.0000877,0.015849145,Indirect
2,PR,C08,82,V,NONADAPTED,0.0000877,0.015849145,Indirect
2,PR,B15,92,K,ADAPTED,0.000157062,0.028887145,Direct
2,PR,B15,92,Q,NONADAPTED,0.00000553,0.001551268,Direct
2,PR,B15,93,I,NONADAPTED,1.09E-024,2.59E-021,Direct
2,PR,B15,93,L,ADAPTED,2.03E-025,5.42E-022,Direct
2,PR,B40,94,S,ADAPTED,0.00124669,0.111393723,Indirect
3,RT,B81,4,P,NONADAPTED,7.95E-014,1.02E-010,Direct
3,RT,B81,4,S,ADAPTED,7.86E-014,1.02E-010,Direct
3,RT,B40,6,D,ADAPTED,0.00000291,0.000886619,Direct
3,RT,B40,6,E,NONADAPTED,0.000000712,0.000266487,Direct
3,RT,B53,6,E,ADAPTED,0.001280389,0.139372962,Direct
3,RT,B57,8,I,ADAPTED,0.001361307,0.118550405,Direct
3,RT,B57,8,V,NONADAPTED,0.001942647,0.150645165,Direct
3,RT,B40,11,K,NONADAPTED,8.21E-008,0.0000369,Direct
3,RT,C02,11,K,ADAPTED,0.002812717,0.191121424,Indirect
3,RT,B57,14,P,NONADAPTED,0.000787482,0.097679877,Direct
3,RT,B07,31,I,NONADAPTED,0.000937175,0.108264706,Direct
3,RT,C01,35,T,NONADAPTED,0.00223953,0.163749122,Indirect
3,RT,C07,35,M,ADAPTED,0.001620072,0.134497502,Direct
3,RT,B49,39,T,NONADAPTED,0.002018984,0.184871379,Direct
3,RT,B50,39,A,ADAPTED,0.001980485,0.15145389,Indirect
3,RT,B50,39,T,NONADAPTED,0.002555253,0.177009315,Indirect
3,RT,C03,43,E,ADAPTED,0.000588179,0.084220193,Direct
3,RT,A68,48,S,ADAPTED,0.002075628,0.189245792,Direct
3,RT,A68,48,T,NONADAPTED,0.000951189,0.114009113,Direct
3,RT,B49,48,S,NONADAPTED,0.0000032,0.00093617,Direct
3,RT,B49,48,T,ADAPTED,0.0000103,0.00258963,Direct
3,RT,B49,49,K,NONADAPTED,0.001639008,0.134702101,Indirect
3,RT,B49,49,R,ADAPTED,0.001635712,0.134702101,Indirect
3,RT,B39,86,D,NONADAPTED,0.0000355,0.007208914,Direct
3,RT,B39,86,E,ADAPTED,0.00000814,0.002118091,Direct
3,RT,B48,102,K,NONADAPTED,0.000000005,0.00000283,Direct
3,RT,B48,102,R,ADAPTED,1.21E-011,9.93E-009,Direct
3,RT,C04,102,K,NONADAPTED,0.001948728,0.150645165,Direct
3,RT,C07,102,Q,NONADAPTED,0.002591389,0.179394404,Direct
3,RT,B48,103,K,NONADAPTED,0.000604742,0.085070288,Direct
3,RT,B48,103,R,ADAPTED,0.0002641,0.04301209,Direct
3,RT,A29,104,K,ADAPTED,0.00022255,0.032974418,Indirect
3,RT,A68,104,R,ADAPTED,0.000112327,0.022608485,Direct
3,RT,C16,104,K,NONADAPTED,0.000614661,0.070840002,Indirect
3,RT,A02,106,I,NONADAPTED,0.000642385,0.071385088,Indirect
3,RT,A02,106,V,ADAPTED,0.000642385,0.071385088,Indirect
3,RT,A11,106,I,ADAPTED,0.00022318,0.037790084,Direct
3,RT,A11,106,V,NONADAPTED,0.00022318,0.037790084,Direct
3,RT,C07,121,N,ADAPTED,0.003000665,0.199127945,Direct
3,RT,A33,122,E,ADAPTED,0.000206523,0.036239745,Direct
3,RT,B35,122,R,ADAPTED,0.00298618,0.199103526,Direct
3,RT,B37,122,E,ADAPTED,0.000519978,0.075984459,Direct
3,RT,A66,123,D,ADAPTED,0.001439645,0.149101144,Direct
3,RT,B35,123,D,NONADAPTED,3.6E-012,3.49E-009,Direct
3,RT,B35,123,E,ADAPTED,2.61E-011,1.94E-008,Direct
3,RT,B40,123,S,ADAPTED,0.000530421,0.063653029,Indirect
3,RT,C16,123,G,ADAPTED,0.000450903,0.056259991,Indirect
3,RT,A02,135,T,ADAPTED,0.001670343,0.136024552,Direct
3,RT,A25,135,I,ADAPTED,0.000979979,0.095474142,Direct
3,RT,B15,135,I,ADAPTED,0.000977842,0.095474142,Indirect
3,RT,B51,135,I,NONADAPTED,2.09E-045,1.49E-041,Direct
3,RT,B51,135,T,ADAPTED,9.47E-042,5.05E-038,Direct
3,RT,B52,135,I,NONADAPTED,0.0000385,0.007744199,Indirect
3,RT,B52,135,V,ADAPTED,0.001211946,0.110034394,Direct
3,RT,C08,135,T,NONADAPTED,0.001586373,0.15596902,Direct
3,RT,C15,135,M,ADAPTED,0.0000968,0.017205708,Direct
3,RT,B18,138,A,ADAPTED,0.00000804,0.002118091,Direct
3,RT,B18,138,E,NONADAPTED,0.0000169,0.003911824,Direct
3,RT,B18,142,T,ADAPTED,0.0000775,0.014386336,Direct
3,RT,B57,142,T,ADAPTED,0.00202944,0.154093019,Direct
3,RT,B07,158,A,NONADAPTED,0.000142147,0.026886177,Direct
3,RT,B07,158,S,ADAPTED,0.000142402,0.026886177,Direct
3,RT,B07,162,C,ADAPTED,1.77E-013,2.1E-010,Direct
3,RT,B07,162,S,NONADAPTED,7.04E-023,1.5E-019,Direct
3,RT,B07,165,I,ADAPTED,4.66E-009,0.00000269,Direct
3,RT,B07,165,T,NONADAPTED,9.93E-009,0.00000517,Direct
3,RT,A03,166,K,NONADAPTED,0.00000112,0.00036798,Indirect
3,RT,A03,166,R,ADAPTED,0.000000107,0.0000467,Direct
3,RT,A11,166,K,NONADAPTED,0.000000172,0.0000705,Direct
3,RT,A11,166,R,ADAPTED,0.000000134,0.0000572,Direct
3,RT,B07,166,K,ADAPTED,0.001889466,0.147669069,Indirect
3,RT,B07,166,R,NONADAPTED,0.002809975,0.191121424,Indirect
3,RT,B40,166,K,NONADAPTED,0.000310466,0.049431253,Direct
3,RT,B40,166,R,ADAPTED,0.000453278,0.067157587,Direct
3,RT,B44,166,K,ADAPTED,0.003005212,0.199127945,Indirect
3,RT,A23,173,A,ADAPTED,0.000229729,0.033803445,Direct
3,RT,A23,173,R,ADAPTED,0.000756571,0.094790093,Direct
3,RT,A29,173,T,ADAPTED,0.00000972,0.002497667,Indirect
3,RT,B44,173,T,ADAPTED,0.001354975,0.143779643,Direct
3,RT,B15,174,H,ADAPTED,0.001765308,0.168891641,Direct
3,RT,B15,174,Q,NONADAPTED,0.0000783,0.016870468,Direct
3,RT,B35,177,D,NONADAPTED,7.01E-013,7.87E-010,Direct
3,RT,B35,177,E,ADAPTED,3.62E-011,2.57E-008,Direct
3,RT,C04,178,L,ADAPTED,0.002613079,0.179394404,Indirect
3,RT,C07,178,I,ADAPTED,0.002099846,0.156105598,Indirect
3,RT,C07,178,V,NONADAPTED,0.00131038,0.141542822,Direct
3,RT,B56,184,M,NONADAPTED,0.000963174,0.094701777,Indirect
3,RT,A33,196,E,ADAPTED,0.001509955,0.128352211,Direct
3,RT,A33,196,G,NONADAPTED,0.002875142,0.192905746,Direct
3,RT,B08,200,A,NONADAPTED,0.002233712,0.19147518,Direct
3,RT,B40,200,I,ADAPTED,0.00000713,0.001900339,Direct
3,RT,B41,200,I,ADAPTED,0.000000832,0.000291178,Direct
3,RT,B41,200,T,NONADAPTED,0.000248622,0.035129789,Direct
3,RT,A02,203,D,NONADAPTED,0.001376523,0.119388168,Indirect
3,RT,A02,203,E,ADAPTED,0.0000629,0.011990783,Direct
3,RT,A29,204,E,NONADAPTED,0.000702356,0.074927353,Direct
3,RT,A29,204,Q,ADAPTED,0.001228343,0.135786008,Direct
3,RT,B15,207,E,ADAPTED,0.000120655,0.020430975,Indirect
3,RT,B15,207,H,ADAPTED,0.000531039,0.063653029,Direct
3,RT,B15,207,Q,NONADAPTED,1.64E-012,1.75E-009,Direct
3,RT,B15,207,R,ADAPTED,8.31E-008,0.0000369,Direct
3,RT,B18,207,D,ADAPTED,0.001002282,0.117592882,Direct
3,RT,B37,207,G,ADAPTED,0.00000127,0.000432511,Direct
3,RT,B44,207,E,NONADAPTED,0.000685721,0.089428532,Direct
3,RT,B45,207,Q,ADAPTED,0.002149719,0.193520103,Direct
3,RT,A32,211,G,ADAPTED,0.002164695,0.159812942,Indirect
3,RT,A68,211,S,NONADAPTED,0.000539892,0.064352748,Indirect
3,RT,B15,211,G,ADAPTED,0.0000722,0.013627952,Indirect
3,RT,B15,211,Q,ADAPTED,0.002091483,0.156105598,Indirect
3,RT,B15,211,R,NONADAPTED,0.000179271,0.028332765,Indirect
3,RT,B44,211,K,ADAPTED,0.000236403,0.034215809,Indirect
3,RT,B44,211,R,NONADAPTED,0.000000472,0.000179993,Direct
3,RT,C04,233,E,NONADAPTED,0.000999319,0.096477263,Direct
3,RT,B53,243,P,NONADAPTED,0.00024691,0.035129789,Direct
3,RT,B53,243,T,ADAPTED,0.000661315,0.079594134,Direct
3,RT,A29,245,E,NONADAPTED,0.002839995,0.191753615,Direct
3,RT,B57,245,E,ADAPTED,2.64E-011,1.94E-008,Direct
3,RT,B57,245,V,NONADAPTED,1.44E-021,2.78E-018,Direct
3,RT,B58,245,E,ADAPTED,1.82E-012,1.85E-009,Direct
3,RT,B58,245,L,ADAPTED,0.00219103,0.161199401,Direct
3,RT,B58,245,M,NONADAPTED,0.000387548,0.059915491,Direct
3,RT,B58,245,V,NONADAPTED,9.09E-012,7.76E-009,Direct
3,RT,A23,248,E,NONADAPTED,0.000427512,0.064687655,Direct
3,RT,B58,248,E,NONADAPTED,0.00044852,0.056259991,Direct
3,RT,C02,248,E,NONADAPTED,0.001810264,0.171653247,Direct
3,RT,A11,250,E,NONADAPTED,0.001313592,0.141542822,Direct
3,RT,B42,250,D,NONADAPTED,0.000416397,0.053199103,Direct
3,RT,B42,250,E,ADAPTED,0.000745355,0.077198525,Direct
3,RT,A11,272,A,NONADAPTED,0.002162151,0.159812942,Indirect
3,RT,B42,272,P,NONADAPTED,0.0000862,0.018215419,Direct
3,RT,B42,272,S,ADAPTED,0.000161024,0.02622595,Direct
3,RT,A03,275,K,NONADAPTED,0.000435217,0.065389827,Direct
3,RT,A03,275,Q,ADAPTED,0.002093135,0.156105598,Direct
3,RT,A03,275,R,ADAPTED,0.000712638,0.075044795,Direct
3,RT,A30,275,K,NONADAPTED,0.000254112,0.035669299,Direct
3,RT,A30,275,R,ADAPTED,0.002303465,0.166036249,Direct
3,RT,B08,275,Q,ADAPTED,0.001554614,0.130075487,Direct
3,RT,A30,276,I,NONADAPTED,0.002086911,0.156105598,Indirect
3,RT,A03,277,K,NONADAPTED,2.09E-045,1.49E-041,Direct
3,RT,A03,277,R,ADAPTED,2.09E-045,1.49E-041,Direct
3,RT,B42,278,N,ADAPTED,0.00029231,0.040498226,Direct
3,RT,B42,278,Q,NONADAPTED,0.001141385,0.128843616,Direct
3,RT,C17,278,Q,NONADAPTED,0.00128703,0.1134714,Indirect
3,RT,A30,281,K,NONADAPTED,0.00000105,0.000348516,Direct
3,RT,A30,281,R,ADAPTED,0.00000103,0.000348516,Direct
3,RT,B15,283,L,ADAPTED,0.000514411,0.075689321,Direct
3,RT,A01,288,A,ADAPTED,0.001208232,0.134671201,Direct
3,RT,B13,288,T,ADAPTED,0.001043072,0.099060519,Direct
3,RT,A69,297,K,ADAPTED,0.000335804,0.044226634,Indirect
3,RT,B35,297,A,ADAPTED,0.0000924,0.016564519,Direct
3,RT,B35,297,E,NONADAPTED,0.0000188,0.004223695,Indirect
3,RT,C12,304,E,ADAPTED,0.002614907,0.179394404,Direct
3,RT,B55,313,P,NONADAPTED,0.00233985,0.167527014,Indirect
3,RT,C12,313,T,ADAPTED,0.001534972,0.154985709,Direct
3,RT,A30,317,A,NONADAPTED,0.000214426,0.031992961,Direct
3,RT,A30,317,V,ADAPTED,0.00065396,0.07218398,Direct
3,RT,B15,317,A,ADAPTED,0.00020723,0.031137015,Direct
3,RT,B15,317,V,NONADAPTED,0.000189585,0.029311518,Direct
3,RT,B44,322,S,NONADAPTED,0.002189793,0.193965291,Direct
3,RT,B44,322,T,ADAPTED,0.00067143,0.089428532,Direct
3,RT,C16,322,S,NONADAPTED,0.001414728,0.148570451,Direct
3,RT,A24,324,E,ADAPTED,0.001824651,0.144187987,Indirect
3,RT,B14,324,D,ADAPTED,0.000712681,0.075044795,Indirect
3,RT,A31,326,T,ADAPTED,0.001658836,0.135605077,Direct
3,RT,C05,329,I,NONADAPTED,0.00000285,0.00087997,Direct
3,RT,C05,329,L,ADAPTED,0.00017488,0.028054363,Indirect
3,RT,A25,334,Q,ADAPTED,0.000834761,0.102945768,Direct
3,RT,A30,334,H,ADAPTED,0.000000919,0.000316128,Direct
3,RT,A30,334,Q,NONADAPTED,5.35E-012,0.000000005,Direct
3,RT,A30,334,Y,ADAPTED,0.00000303,0.000911003,Direct
3,RT,B13,334,L,ADAPTED,0.00154005,0.154985709,Direct
3,RT,B13,334,Q,NONADAPTED,0.000042,0.00837185,Direct
3,RT,B15,334,L,ADAPTED,0.000000386,0.000149754,Direct
3,RT,B15,334,Q,NONADAPTED,0.0000446,0.008731002,Indirect
3,RT,B44,334,D,ADAPTED,0.000606437,0.085070288,Direct
3,RT,C06,334,L,ADAPTED,0.000559564,0.066326936,Indirect
3,RT,C14,334,L,NONADAPTED,0.000451262,0.067157587,Direct
3,RT,C14,334,Q,ADAPTED,0.000720872,0.075394686,Direct
3,RT,A03,335,S,NONADAPTED,0.001172945,0.107870534,Indirect
3,RT,A26,335,D,NONADAPTED,0.002533667,0.176661203,Indirect
3,RT,A30,335,D,ADAPTED,0.000887246,0.088459281,Indirect
3,RT,A30,335,G,NONADAPTED,0.001256309,0.111685855,Indirect
3,RT,A11,345,P,NONADAPTED,6.29E-009,0.00000363,Direct
3,RT,A11,345,Q,ADAPTED,0.000000124,0.0000574,Direct
3,RT,B37,357,T,NONADAPTED,0.00029337,0.047060581,Direct
3,RT,C17,357,R,ADAPTED,0.001328422,0.116638748,Indirect
3,RT,B13,366,K,NONADAPTED,0.000119456,0.020389631,Direct
3,RT,B13,366,R,ADAPTED,0.000118417,0.020375294,Direct
3,RT,B13,369,A,ADAPTED,0.000000033,0.0000168,Direct
3,RT,B13,369,T,NONADAPTED,1.86E-014,3.06E-011,Direct
3,RT,B13,369,V,ADAPTED,0.00000268,0.000840259,Direct
3,RT,C05,370,E,ADAPTED,0.001695212,0.137524911,Direct
3,RT,A68,371,A,ADAPTED,0.000188367,0.029311518,Direct
3,RT,A68,371,V,NONADAPTED,0.000314607,0.042754498,Indirect
3,RT,A23,373,H,ADAPTED,0.001427558,0.134702101,Direct
3,RT,B13,374,K,NONADAPTED,0.0000112,0.002754174,Direct
3,RT,B13,374,R,ADAPTED,0.0000112,0.002754174,Direct
3,RT,B49,374,K,NONADAPTED,0.00062752,0.070840002,Direct
3,RT,B49,374,R,ADAPTED,0.00062752,0.070840002,Direct
3,RT,A02,375,I,ADAPTED,0.002428807,0.170463909,Indirect
3,RT,A30,375,V,ADAPTED,0.00048489,0.059117751,Indirect
3,RT,B13,375,I,NONADAPTED,0.0000209,0.004558334,Indirect
3,RT,B53,376,T,ADAPTED,0.000799405,0.080834634,Indirect
3,RT,B58,376,A,ADAPTED,0.00000999,0.002536319,Direct
3,RT,B58,376,T,NONADAPTED,0.0000231,0.004975966,Direct
3,RT,C12,376,A,NONADAPTED,0.000000464,0.00019383,Direct
3,RT,C12,376,S,ADAPTED,0.000000753,0.000272468,Direct
3,RT,C12,376,V,ADAPTED,0.000928524,0.112557102,Direct
3,RT,A02,377,V,ADAPTED,0.00197237,0.181381539,Direct
3,RT,B40,377,L,NONADAPTED,0.001548516,0.130075349,Direct
3,RT,B58,377,L,ADAPTED,0.000406173,0.052521831,Direct
3,RT,C12,377,T,NONADAPTED,0.0000243,0.005184575,Direct
3,RT,C16,377,I,ADAPTED,0.000121599,0.023801097,Direct
3,RT,C16,377,T,NONADAPTED,0.000475428,0.058297342,Direct
3,RT,A11,379,S,ADAPTED,0.001209195,0.110034394,Direct
3,RT,B58,379,A,ADAPTED,0.002097947,0.156105598,Direct
3,RT,B58,379,G,ADAPTED,7.81E-009,0.00000427,Direct
3,RT,B58,379,S,NONADAPTED,4.6E-011,3.07E-008,Direct
3,RT,C16,379,G,ADAPTED,0.000341839,0.044745268,Indirect
3,RT,C12,381,I,ADAPTED,0.0000201,0.004416702,Direct
3,RT,C12,381,V,NONADAPTED,0.0000201,0.004416702,Direct
3,RT,A66,386,V,ADAPTED,0.000237343,0.034215809,Direct
3,RT,B45,386,I,ADAPTED,0.00177033,0.14146729,Indirect
3,RT,B58,390,K,NONADAPTED,0.001276929,0.113047972,Direct
3,RT,B58,390,R,ADAPTED,0.001244937,0.111393723,Direct
3,RT,A32,395,K,NONADAPTED,0.00000571,0.001562321,Direct
3,RT,A32,395,R,ADAPTED,0.00000561,0.00155364,Direct
3,RT,C06,395,K,ADAPTED,0.000455392,0.056489776,Indirect
3,RT,C06,395,R,NONADAPTED,0.00045859,0.056557698,Indirect
3,RT,A32,399,D,ADAPTED,2.51E-010,0.000000153,Direct
3,RT,A32,399,E,NONADAPTED,4.83E-011,3.12E-008,Direct
3,RT,B39,399,D,NONADAPTED,0.001731644,0.166417253,Direct
3,RT,B39,399,E,ADAPTED,0.001586278,0.15596902,Direct
3,RT,A32,400,I,ADAPTED,0.00000325,0.000937059,Direct
3,RT,A32,400,L,ADAPTED,0.001585838,0.15596902,Direct
3,RT,A32,400,T,NONADAPTED,0.000153304,0.02535572,Direct
3,RT,A68,403,S,ADAPTED,0.001420702,0.148570451,Direct
3,RT,B15,403,I,NONADAPTED,0.002853812,0.192078675,Direct
3,RT,B49,404,D,ADAPTED,0.0000843,0.015508222,Direct
3,RT,B49,404,E,NONADAPTED,0.00010278,0.018123227,Direct
3,RT,A02,413,D,NONADAPTED,0.001491076,0.127617892,Direct
3,RT,B57,413,E,NONADAPTED,0.000752769,0.094790093,Direct
3,RT,C03,418,S,ADAPTED,0.001653438,0.160141476,Direct
3,RT,B13,435,T,ADAPTED,0.000316678,0.042763499,Direct
3,RT,B35,435,E,NONADAPTED,0.000326336,0.043400121,Direct
3,RT,B49,435,E,ADAPTED,0.002399043,0.169869631,Direct
3,RT,C04,435,I,ADAPTED,0.001527082,0.129292984,Direct
3,RT,B45,437,A,NONADAPTED,0.002370505,0.16915417,Indirect
3,RT,B45,437,V,ADAPTED,0.002384839,0.169445321,Indirect
3,RT,A68,446,A,NONADAPTED,0.0000016,0.00051727,Direct
3,RT,A68,446,S,ADAPTED,0.00000705,0.001900339,Direct
3,RT,A33,447,N,NONADAPTED,0.000110222,0.019276211,Direct
3,RT,A33,447,S,ADAPTED,0.0000266,0.005573076,Direct
3,RT,A34,448,K,ADAPTED,0.000000329,0.000132403,Direct
3,RT,A34,448,R,NONADAPTED,0.000000341,0.000134754,Direct
3,RT,A66,448,K,ADAPTED,0.0000123,0.002938263,Direct
3,RT,A66,448,R,NONADAPTED,0.0000129,0.003060013,Direct
3,RT,A29,449,D,ADAPTED,0.002886151,0.193037341,Indirect
3,RT,B50,450,S,ADAPTED,0.000128919,0.021658353,Direct
3,RT,B50,450,T,NONADAPTED,0.0000181,0.004100432,Direct
3,RT,A26,451,K,NONADAPTED,0.00069066,0.074049897,Direct
3,RT,A26,451,R,ADAPTED,0.000585621,0.068277643,Direct
3,RT,B44,452,S,ADAPTED,0.000783382,0.079594134,Direct
3,RT,A29,454,K,NONADAPTED,0.000895959,0.088912433,Indirect
3,RT,A29,454,R,ADAPTED,0.000663107,0.07218398,Direct
3,RT,B08,454,K,ADAPTED,0.000247162,0.035129789,Direct
3,RT,B08,454,R,NONADAPTED,0.000312487,0.042738593,Direct
3,RT,B08,461,K,ADAPTED,0.00000268,0.000865681,Direct
3,RT,B08,461,R,NONADAPTED,0.00000273,0.000868177,Direct
3,RT,B18,465,K,NONADAPTED,0.001138186,0.105986408,Direct
3,RT,B08,466,I,NONADAPTED,0.001541179,0.129970714,Direct
3,RT,A74,468,P,NONADAPTED,0.001065651,0.100604955,Direct
3,RT,B08,468,P,ADAPTED,5.19E-018,9.23E-015,Direct
3,RT,B08,468,S,NONADAPTED,7.74E-026,2.36E-022,Direct
3,RT,B08,468,T,ADAPTED,0.000187132,0.029311518,Indirect
3,RT,B08,469,L,NONADAPTED,0.002287227,0.165548893,Direct
3,RT,C03,469,M,ADAPTED,0.002288945,0.165548893,Direct
3,RT,B45,470,P,ADAPTED,0.000899937,0.110345694,Direct
3,RT,C03,477,T,ADAPTED,0.000604039,0.070042204,Direct
3,RT,C16,477,A,ADAPTED,0.001092976,0.102730132,Indirect
3,RT,B58,480,H,NONADAPTED,0.000326834,0.043400121,Direct
3,RT,A34,483,H,ADAPTED,0.000409076,0.052578635,Direct
3,RT,A34,483,Y,NONADAPTED,0.000925963,0.091464613,Direct
3,RT,B40,491,L,ADAPTED,0.001513697,0.153784388,Direct
3,RT,B14,502,T,ADAPTED,0.000614053,0.078578252,Direct
3,RT,B57,502,T,ADAPTED,0.000301078,0.041443882,Direct
3,RT,C08,502,A,NONADAPTED,0.0000323,0.006627643,Direct
3,RT,B14,503,I,ADAPTED,0.000000001,0.000000621,Direct
3,RT,B14,503,L,NONADAPTED,6.37E-012,5.67E-009,Direct
3,RT,B58,509,H,ADAPTED,0.000700411,0.089428532,Direct
3,RT,C02,509,K,ADAPTED,0.000150373,0.0281422,Direct
3,RT,C02,509,Q,NONADAPTED,0.001171333,0.131528419,Direct
3,RT,B53,512,K,NONADAPTED,0.002241036,0.163749122,Indirect
3,RT,B53,512,R,ADAPTED,0.000623527,0.070840002,Direct
3,RT,A34,514,E,NONADAPTED,0.0000426,0.008416484,Direct
3,RT,B42,527,K,NONADAPTED,0.002497921,0.174739777,Indirect
3,RT,C05,527,N,NONADAPTED,0.001554679,0.155723361,Direct
3,RT,A33,534,A,NONADAPTED,0.002324071,0.166957535,Indirect
3,RT,C12,534,A,ADAPTED,0.001722981,0.138201184,Indirect
3,RT,A03,554,S,NONADAPTED,0.00102782,0.119828094,Direct
3,RT,A74,554,A,NONADAPTED,0.000212602,0.036876933,Direct
3,RT,C06,554,A,NONADAPTED,0.00000313,0.000926279,Direct
3,RT,C06,554,N,NONADAPTED,0.000403304,0.052468841,Direct
3,RT,C06,554,T,ADAPTED,0.001342466,0.117388768,Direct
3,RT,C15,554,A,NONADAPTED,3.59E-008,0.0000173,Direct
3,RT,C15,554,T,ADAPTED,0.000000863,0.000320466,Direct
3,RT,C15,556,I,NONADAPTED,3.65E-008,0.0000173,Direct
3,RT,C15,556,V,ADAPTED,3.63E-008,0.0000173,Direct
3,RT,C06,559,I,ADAPTED,0.000192575,0.029407591,Direct
3,RT,C06,559,V,NONADAPTED,0.000194342,0.029407591,Direct
4,INT,B44,6,D,NONADAPTED,0.000413708,0.044674528,Indirect
4,INT,B44,6,E,ADAPTED,0.000135855,0.019457027,Indirect
4,INT,A23,7,R,ADAPTED,0.001304098,0.155849486,Indirect
4,INT,A31,10,E,NONADAPTED,0.000451387,0.08000513,Indirect
4,INT,B44,10,D,ADAPTED,3.34293E-010,1.91508E-007,Direct
4,INT,B44,10,E,NONADAPTED,1.44348E-011,1.18134E-008,Direct
4,INT,B44,11,D,ADAPTED,7.42851E-027,2.1278E-023,Direct
4,INT,B44,11,E,NONADAPTED,5.07991E-027,1.66295E-023,Direct
4,INT,B44,14,K,ADAPTED,0.000319059,0.036516127,Indirect
4,INT,B44,14,R,NONADAPTED,0.000327474,0.036784642,Indirect
4,INT,B51,14,K,NONADAPTED,0.00226558,0.150480455,Indirect
4,INT,B51,14,R,ADAPTED,0.002226299,0.148765719,Indirect
4,INT,B44,17,N,NONADAPTED,5.27518E-005,0.00875947,Indirect
4,INT,A11,24,G,NONADAPTED,0.001289369,0.101184552,Indirect
4,INT,B51,24,G,ADAPTED,3.54786E-008,1.47323E-005,Indirect
4,INT,B51,28,I,ADAPTED,3.86994E-008,1.51677E-005,Indirect
4,INT,B51,28,L,NONADAPTED,3.86994E-008,1.51677E-005,Indirect
4,INT,B37,31,I,NONADAPTED,0.000919785,0.077777858,Indirect
4,INT,B37,31,V,ADAPTED,0.000919825,0.077777858,Indirect
4,INT,B51,31,I,NONADAPTED,0.003180513,0.184978302,Indirect
4,INT,B51,31,V,ADAPTED,0.003179327,0.184978302,Indirect
4,INT,B18,32,I,ADAPTED,0.000625162,0.098800839,Indirect
4,INT,B18,32,V,NONADAPTED,0.000625162,0.098800839,Indirect
4,INT,B51,32,I,ADAPTED,2.56631E-030,9.80116E-027,Direct
4,INT,B51,32,V,NONADAPTED,2.56631E-030,9.80116E-027,Direct
4,INT,B42,34,K,NONADAPTED,5.01498E-016,5.4723E-013,Direct
4,INT,B42,34,R,ADAPTED,5.01498E-016,5.4723E-013,Direct
4,INT,B51,39,C,ADAPTED,6.34671E-007,0.000188877,Direct
4,INT,B51,39,S,NONADAPTED,3.89731E-009,1.90014E-006,Direct
4,INT,B51,41,D,NONADAPTED,0.003292052,0.18885243,Indirect
4,INT,B51,41,N,ADAPTED,0.003281526,0.18885243,Indirect
4,INT,B27,45,I,ADAPTED,0.000308025,0.035469273,Indirect
4,INT,B51,45,I,ADAPTED,0.000327037,0.036784642,Indirect
4,INT,B51,45,L,NONADAPTED,6.28717E-008,2.28683E-005,Direct
4,INT,B51,45,V,ADAPTED,2.99566E-006,0.000722586,Direct
4,INT,C16,50,I,ADAPTED,0.000825489,0.074180732,Indirect
4,INT,C16,50,M,NONADAPTED,4.33128E-005,0.007406809,Direct
4,INT,A26,90,P,NONADAPTED,0.000451082,0.047854347,Indirect
4,INT,A26,90,S,ADAPTED,0.001189457,0.094640292,Indirect
4,INT,A01,91,A,ADAPTED,0.001796146,0.127821972,Indirect
4,INT,A33,97,A,ADAPTED,0.000258245,0.031573094,Indirect
4,INT,A33,97,T,NONADAPTED,0.000168927,0.022770345,Indirect
4,INT,A68,97,A,ADAPTED,0.001371935,0.105143445,Indirect
4,INT,A26,101,I,NONADAPTED,0.000369287,0.040683704,Indirect
4,INT,A26,101,L,ADAPTED,0.000384089,0.041943415,Indirect
4,INT,A03,111,A,ADAPTED,1.63012E-006,0.000424479,Direct
4,INT,B35,112,T,ADAPTED,0.000620499,0.061024585,Indirect
4,INT,B57,112,I,ADAPTED,0.001391572,0.106292941,Indirect
4,INT,C15,112,A,ADAPTED,0.000270917,0.032673999,Indirect
4,INT,C15,112,T,NONADAPTED,0.001120545,0.09041301,Indirect
4,INT,A01,119,G,NONADAPTED,0.000746385,0.069526105,Indirect
4,INT,B39,119,P,NONADAPTED,0.003277821,0.18885243,Indirect
4,INT,C05,119,P,ADAPTED,0.002025009,0.139768325,Indirect
4,INT,C05,119,R,ADAPTED,0.00023275,0.029304701,Indirect
4,INT,C05,119,S,NONADAPTED,1.06656E-020,1.88003E-017,Direct
4,INT,B57,122,I,ADAPTED,5.67212E-013,1.50331E-009,Direct
4,INT,B57,122,T,NONADAPTED,1.807E-012,4.43256E-009,Direct
4,INT,C05,122,I,ADAPTED,1.69819E-026,4.32377E-023,Direct
4,INT,C05,122,T,NONADAPTED,6.09043E-025,1.39562E-021,Direct
4,INT,B57,124,N,ADAPTED,2.56114E-008,1.10733E-005,Indirect
4,INT,B57,124,T,NONADAPTED,7.6033E-009,3.45443E-006,Direct
4,INT,B58,124,G,ADAPTED,0.002749868,0.168834679,Indirect
4,INT,B57,125,A,ADAPTED,2.90225E-009,1.44576E-006,Direct
4,INT,B57,125,T,NONADAPTED,1.36937E-011,1.17132E-008,Direct
4,INT,B58,125,T,NONADAPTED,2.79343E-009,1.42248E-006,Indirect
4,INT,B58,125,V,ADAPTED,2.65275E-006,0.000646678,Direct
4,INT,C18,125,V,ADAPTED,0.001775995,0.188194282,Indirect
4,INT,B57,126,L,ADAPTED,5.50978E-005,0.009018337,Indirect
4,INT,B57,126,V,NONADAPTED,4.47917E-005,0.007602969,Indirect
4,INT,B58,126,L,ADAPTED,1.57615E-006,0.000415143,Indirect
4,INT,B58,126,V,NONADAPTED,3.74388E-006,0.000875419,Indirect
4,INT,B57,135,I,ADAPTED,0.001264182,0.153071633,Indirect
4,INT,B57,135,V,NONADAPTED,0.001264652,0.153071633,Indirect
4,INT,B08,138,E,NONADAPTED,0.002531842,0.159826861,Indirect
4,INT,B44,154,I,NONADAPTED,0.000393916,0.042780015,Indirect
4,INT,B50,156,N,ADAPTED,0.003433999,0.194296526,Indirect
4,INT,A33,157,E,NONADAPTED,5.32804E-009,6.17359E-006,Direct
4,INT,A33,157,Q,ADAPTED,1.0009E-006,0.000294045,Indirect
4,INT,A24,158,*,ADAPTED,0.001618006,0.120869814,Indirect
4,INT,A24,158,L,NONADAPTED,0.001371448,0.105143445,Indirect
4,INT,A33,163,A,ADAPTED,0.001336169,0.103790881,Indirect
4,INT,A33,163,E,ADAPTED,2.78675E-005,0.005108668,Direct
4,INT,A33,163,G,NONADAPTED,3.9673E-006,0.00091829,Direct
4,INT,A68,163,A,ADAPTED,0.001480745,0.111984358,Indirect
4,INT,C08,163,E,ADAPTED,0.001640595,0.178775995,Indirect
4,INT,C18,167,D,NONADAPTED,1.01848E-007,3.53612E-005,Direct
4,INT,C18,167,E,ADAPTED,5.77866E-008,2.17079E-005,Direct
4,INT,B39,171,H,NONADAPTED,0.000552262,0.055995949,Indirect
4,INT,B08,173,K,NONADAPTED,3.26325E-007,0.000102435,Direct
4,INT,B08,173,R,ADAPTED,3.31827E-007,0.000102754,Direct
4,INT,A32,181,F,NONADAPTED,0.002404297,0.156288401,Indirect
4,INT,B27,187,K,ADAPTED,2.08311E-006,0.000530066,Direct
4,INT,B27,187,R,NONADAPTED,7.04081E-006,0.001522077,Direct
4,INT,B27,188,K,NONADAPTED,0.000000036,1.47323E-005,Direct
4,INT,B27,188,R,ADAPTED,3.5614E-008,1.47323E-005,Direct
4,INT,C02,188,K,NONADAPTED,0.002418863,0.156576958,Indirect
4,INT,C02,188,R,ADAPTED,0.002407585,0.156288401,Indirect
4,INT,B27,193,E,ADAPTED,1.25096E-011,1.14663E-008,Direct
4,INT,B27,193,G,NONADAPTED,2.87109E-011,2.05597E-008,Direct
4,INT,C01,203,M,ADAPTED,0.000850525,0.120168395,Indirect
4,INT,B15,205,A,NONADAPTED,0.00098978,0.131769294,Indirect
4,INT,C08,205,A,NONADAPTED,5.92685E-005,0.00956435,Direct
4,INT,C08,205,S,ADAPTED,1.46225E-005,0.002888574,Direct
4,INT,B14,206,S,ADAPTED,2.6263E-016,3.34342E-013,Direct
4,INT,B14,206,T,NONADAPTED,3.28938E-016,3.96717E-013,Direct
4,INT,C08,207,E,ADAPTED,0.00068273,0.064739978,Indirect
4,INT,B14,212,E,NONADAPTED,0.000824284,0.074180732,Indirect
4,INT,B52,215,K,NONADAPTED,1.54574E-006,0.000411867,Direct
4,INT,B52,215,N,ADAPTED,0.001213168,0.09586122,Indirect
4,INT,A30,216,H,ADAPTED,0.003167165,0.184978302,Indirect
4,INT,A32,216,H,ADAPTED,8.38362E-006,0.001730727,Direct
4,INT,A32,216,Q,NONADAPTED,1.74482E-005,0.003367933,Direct
4,INT,A30,218,I,ADAPTED,1.19283E-006,0.00033329,Direct
4,INT,A30,218,T,NONADAPTED,0.000784318,0.071510319,Indirect
4,INT,A32,218,I,ADAPTED,1.2038E-007,4.05664E-005,Direct
4,INT,B08,218,T,NONADAPTED,0.000836829,0.119182745,Indirect
4,INT,C04,218,L,ADAPTED,0.000357404,0.039950821,Indirect
4,INT,A30,219,K,NONADAPTED,0.000129475,0.018777911,Indirect
4,INT,A30,219,N,ADAPTED,0.000584983,0.058737995,Indirect
4,INT,B52,220,I,NONADAPTED,0.001560132,0.117600116,Indirect
4,INT,B52,220,L,ADAPTED,3.98778E-005,0.006870672,Direct
4,INT,A32,222,H,ADAPTED,3.90453E-005,0.006778211,Direct
4,INT,A30,227,F,ADAPTED,0.00025558,0.031573094,Indirect
4,INT,A30,227,Y,NONADAPTED,0.000258973,0.031573094,Indirect
4,INT,B38,230,N,ADAPTED,1.20869E-005,0.002429581,Direct
4,INT,B38,230,S,NONADAPTED,1.61319E-005,0.003159512,Direct
4,INT,B38,234,I,ADAPTED,7.3297E-006,0.001569719,Direct
4,INT,B38,234,L,NONADAPTED,4.58907E-006,0.001041173,Direct
4,INT,A74,240,K,NONADAPTED,0.000830984,0.074382797,Indirect
4,INT,A74,240,R,ADAPTED,0.000640432,0.062715816,Indirect
4,INT,A33,256,D,NONADAPTED,0.000186124,0.024096255,Indirect
4,INT,A33,256,E,ADAPTED,0.000186124,0.024096255,Indirect
4,INT,B15,268,I,NONADAPTED,1.04817E-006,0.000300234,Direct
4,INT,B15,268,L,ADAPTED,1.04779E-006,0.000300234,Direct
4,INT,B45,268,I,NONADAPTED,0.000871599,0.076361473,Indirect
4,INT,B45,268,L,ADAPTED,0.000871073,0.076361473,Indirect
4,INT,C02,268,I,NONADAPTED,8.93541E-005,0.013928911,Indirect
4,INT,C02,268,L,ADAPTED,8.92864E-005,0.013928911,Indirect
4,INT,B42,270,E,ADAPTED,0.000250574,0.031206048,Indirect
4,INT,C02,270,H,ADAPTED,0.000939064,0.078822893,Indirect
4,INT,C16,270,H,ADAPTED,0.000276585,0.033182968,Indirect
4,INT,C04,272,R,ADAPTED,0.000210882,0.026996423,Indirect
4,INT,B52,279,G,ADAPTED,0.003537796,0.198211747,Indirect
4,INT,B39,283,G,NONADAPTED,0.001629067,0.120869814,Indirect
4,INT,B39,283,S,ADAPTED,0.000847596,0.075492968,Indirect
4,INT,A24,288,D,NONADAPTED,0.001862771,0.13053638,Indirect
5,NEF,A30,5,C,ADAPTED,0.002037028,0.110760137,Indirect
5,NEF,B42,5,L,ADAPTED,0.002667765,0.168297539,Indirect
5,NEF,B58,5,W,NONADAPTED,0.003467106,0.154989075,Indirect
5,NEF,C02,5,G,ADAPTED,0.001464138,0.114097299,Indirect
5,NEF,C05,5,C,ADAPTED,0.004181969,0.175653541,Indirect
5,NEF,A31,8,C,NONADAPTED,0.003795569,0.164980068,Indirect
5,NEF,A33,8,G,ADAPTED,0.001704976,0.099078053,Indirect
5,NEF,B44,8,I,ADAPTED,0.001422067,0.111381509,Indirect
5,NEF,A02,9,N,NONADAPTED,0.000164785,0.016191881,Indirect
5,NEF,B15,9,R,ADAPTED,0.00071253,0.054235933,Indirect
5,NEF,B57,9,R,ADAPTED,0.000161516,0.019254816,Direct
5,NEF,C04,9,E,ADAPTED,0.003563947,0.157017067,Indirect
5,NEF,A11,10,V,NONADAPTED,0.001599359,0.120048151,Indirect
5,NEF,B53,10,T,ADAPTED,0.002469729,0.12358552,Indirect
5,NEF,B15,11,T,NONADAPTED,0.001828714,0.131773078,Indirect
5,NEF,B35,11,S,ADAPTED,0.002714424,0.131370019,Indirect
5,NEF,B40,11,E,ADAPTED,0.000846119,0.073753392,Indirect
5,NEF,B57,11,A,ADAPTED,0.000876898,0.062746223,Indirect
5,NEF,B57,11,V,NONADAPTED,2.84332E-005,0.003717639,Direct
5,NEF,A25,12,G,ADAPTED,0.005013702,0.194304018,Indirect
5,NEF,A02,13,*,NONADAPTED,0.001297162,0.08101891,Indirect
5,NEF,C03,13,W,ADAPTED,0.000406556,0.034330731,Indirect
5,NEF,B14,14,R,ADAPTED,0.00089183,0.063140806,Indirect
5,NEF,B35,14,R,ADAPTED,0.004527949,0.182324099,Indirect
5,NEF,C16,14,P,ADAPTED,0.001769716,0.102108222,Indirect
5,NEF,A31,15,A,NONADAPTED,0.000166835,0.019459682,Direct
5,NEF,A31,15,D,ADAPTED,0.001387799,0.085552798,Indirect
5,NEF,A31,15,T,ADAPTED,0.000545831,0.051153512,Indirect
5,NEF,A68,15,S,ADAPTED,0.004488458,0.182324099,Indirect
5,NEF,B35,15,V,ADAPTED,0.002592919,0.165623461,Indirect
5,NEF,C16,15,V,ADAPTED,0.00157037,0.118420499,Indirect
5,NEF,C02,17,R,ADAPTED,0.000462476,0.038255745,Indirect
5,NEF,A01,18,A,ADAPTED,0.003076784,0.141314169,Indirect
5,NEF,B08,18,A,ADAPTED,0.003197357,0.191286911,Indirect
5,NEF,B08,18,E,NONADAPTED,0.002414289,0.122088638,Indirect
5,NEF,A25,19,R,ADAPTED,0.004355624,0.180608008,Indirect
5,NEF,A69,19,R,NONADAPTED,0.002056445,0.110760137,Indirect
5,NEF,B53,19,R,ADAPTED,0.004401386,0.181115897,Indirect
5,NEF,C14,19,K,ADAPTED,0.00259473,0.165623461,Indirect
5,NEF,A33,20,L,ADAPTED,0.001866257,0.106542106,Indirect
5,NEF,B40,20,I,ADAPTED,0.001642856,0.096792176,Indirect
5,NEF,C12,20,L,ADAPTED,0.001405548,0.110622061,Indirect
5,NEF,B15,21,R,NONADAPTED,0.003912699,0.167714576,Indirect
5,NEF,B46,21,K,ADAPTED,0.004059154,0.17093781,Indirect
5,NEF,B46,21,R,NONADAPTED,0.003049414,0.140918888,Indirect
5,NEF,B52,21,K,NONADAPTED,0.004648521,0.185631709,Indirect
5,NEF,A01,23,V,NONADAPTED,0.002147316,0.114145693,Indirect
5,NEF,B15,23,A,NONADAPTED,0.001404417,0.086249301,Indirect
5,NEF,B13,24,E,NONADAPTED,4.26468E-006,0.000677875,Direct
5,NEF,B13,24,Q,ADAPTED,0.00195043,0.108815981,Indirect
5,NEF,B49,24,E,NONADAPTED,0.00119358,0.097243757,Indirect
5,NEF,C02,24,G,ADAPTED,0.004464508,0.182324099,Indirect
5,NEF,B13,25,P,NONADAPTED,0.000363226,0.031158669,Indirect
5,NEF,C02,25,P,NONADAPTED,0.002276791,0.119076181,Indirect
5,NEF,B45,26,A,NONADAPTED,0.002635677,0.16692276,Indirect
5,NEF,B14,28,D,NONADAPTED,2.37858E-005,0.003187098,Direct
5,NEF,B14,28,E,ADAPTED,0.002507353,0.123938167,Indirect
5,NEF,C03,28,V,NONADAPTED,0.004809177,0.190087998,Indirect
5,NEF,C05,28,D,NONADAPTED,0.000179313,0.017304767,Indirect
5,NEF,C05,28,E,ADAPTED,0.003868969,0.166747094,Indirect
5,NEF,B35,29,R,ADAPTED,0.002309731,0.120024559,Indirect
5,NEF,B51,30,V,NONADAPTED,0.000888409,0.063140806,Indirect
5,NEF,A66,32,A,NONADAPTED,0.002468979,0.162062989,Indirect
5,NEF,A66,32,P,ADAPTED,0.002783409,0.132330508,Indirect
5,NEF,A68,32,A,NONADAPTED,0.000709304,0.054235933,Indirect
5,NEF,A68,32,P,ADAPTED,0.00286581,0.134789189,Indirect
5,NEF,A68,33,A,ADAPTED,5.49712E-005,0.006366062,Direct
5,NEF,A68,33,V,NONADAPTED,5.22846E-005,0.007194459,Direct
5,NEF,A30,38,D,NONADAPTED,0.000349104,0.030267533,Indirect
5,NEF,A30,38,E,ADAPTED,0.001493944,0.09001881,Indirect
5,NEF,B37,38,D,ADAPTED,0.001213346,0.078374422,Indirect
5,NEF,B37,38,E,NONADAPTED,1.25544E-009,0.000000384,Direct
5,NEF,B37,38,G,ADAPTED,0.00000049,0.000100569,Direct
5,NEF,B37,39,Q,ADAPTED,0.000485147,0.03992734,Indirect
5,NEF,B37,39,R,NONADAPTED,3.23594E-007,0.000069032,Direct
5,NEF,B39,39,K,ADAPTED,0.003764935,0.164088397,Indirect
5,NEF,B39,39,R,NONADAPTED,0.004931287,0.193510018,Indirect
5,NEF,B49,39,T,ADAPTED,0.001232373,0.079287537,Indirect
5,NEF,B51,39,R,NONADAPTED,0.00184096,0.109988238,Indirect
5,NEF,A23,40,Y,NONADAPTED,0.002319754,0.120111768,Indirect
5,NEF,B08,40,H,NONADAPTED,0.000119461,0.012624054,Indirect
5,NEF,B08,40,R,ADAPTED,0.001294903,0.08101891,Indirect
5,NEF,B37,40,H,NONADAPTED,0.000389872,0.033094179,Indirect
5,NEF,B47,40,H,NONADAPTED,0.00381821,0.165079017,Indirect
5,NEF,A34,43,V,ADAPTED,0.002074204,0.144681334,Indirect
5,NEF,B50,43,V,ADAPTED,0.002067481,0.144681334,Indirect
5,NEF,B55,43,V,ADAPTED,0.000117269,0.0125084,Indirect
5,NEF,B57,43,V,NONADAPTED,5.39139E-005,0.006288538,Indirect
5,NEF,C12,43,V,NONADAPTED,0.001751976,0.127787122,Indirect
5,NEF,B07,45,N,ADAPTED,0.002119858,0.113056779,Indirect
5,NEF,B47,45,S,NONADAPTED,0.00037972,0.038964549,Indirect
5,NEF,A02,46,N,NONADAPTED,0.002748207,0.131824487,Indirect
5,NEF,A02,46,S,ADAPTED,0.00200805,0.109988238,Indirect
5,NEF,A03,46,R,ADAPTED,0.000429541,0.035897646,Indirect
5,NEF,C06,46,R,ADAPTED,0.001300026,0.103829142,Indirect
5,NEF,B57,48,I,ADAPTED,0.00195309,0.108815981,Indirect
5,NEF,A33,49,T,ADAPTED,0.003432326,0.154150411,Indirect
5,NEF,B50,49,S,ADAPTED,0.002326226,0.120111768,Indirect
5,NEF,B53,49,A,NONADAPTED,0.000322317,0.028555915,Indirect
5,NEF,B53,49,S,ADAPTED,0.001683327,0.123503614,Indirect
5,NEF,B57,49,P,ADAPTED,0.000191792,0.022053412,Indirect
5,NEF,A29,50,N,ADAPTED,0.001142702,0.075311472,Indirect
5,NEF,B07,50,E,NONADAPTED,0.003025527,0.182352645,Indirect
5,NEF,B53,50,A,NONADAPTED,2.03435E-022,2.53715E-019,Direct
5,NEF,B53,50,G,ADAPTED,1.20061E-007,2.31731E-005,Direct
5,NEF,B53,50,T,ADAPTED,2.76164E-008,5.89138E-006,Direct
5,NEF,B57,50,T,NONADAPTED,0.000397024,0.04028493,Indirect
5,NEF,B58,50,A,NONADAPTED,3.35056E-005,0.004211051,Indirect
5,NEF,B58,50,D,ADAPTED,0.001024872,0.085650784,Indirect
5,NEF,B58,50,E,ADAPTED,0.004543202,0.182324099,Indirect
5,NEF,C06,50,S,ADAPTED,0.004763704,0.189298849,Indirect
5,NEF,C07,50,A,ADAPTED,0.00452815,0.182324099,Indirect
5,NEF,B58,51,T,NONADAPTED,0.001158194,0.076023491,Indirect
5,NEF,A02,53,S,NONADAPTED,0.001737386,0.100600879,Indirect
5,NEF,A66,53,A,NONADAPTED,0.00119374,0.077416395,Indirect
5,NEF,B14,53,P,ADAPTED,1.63412E-006,0.00030807,Direct
5,NEF,B58,53,D,ADAPTED,0.002079242,0.132446319,Indirect
5,NEF,C08,53,A,NONADAPTED,0.001138152,0.075311472,Indirect
5,NEF,C17,53,A,NONADAPTED,0.002913892,0.178950489,Indirect
5,NEF,B55,54,D,ADAPTED,0.001044066,0.086577317,Indirect
5,NEF,C08,54,A,ADAPTED,8.35918E-009,0.000002085,Direct
5,NEF,C08,54,D,NONADAPTED,4.88224E-010,1.58312E-007,Direct
5,NEF,A11,56,T,NONADAPTED,0.001247444,0.079625204,Indirect
5,NEF,A30,58,V,NONADAPTED,0.002056983,0.144681334,Indirect
5,NEF,B13,58,L,NONADAPTED,0.003293665,0.193478937,Indirect
5,NEF,B13,61,Y,ADAPTED,0.004298869,0.179171102,Indirect
5,NEF,A30,62,Q,ADAPTED,0.003326696,0.194713823,Indirect
5,NEF,A33,63,D,ADAPTED,0.000519671,0.049271452,Indirect
5,NEF,A33,63,E,NONADAPTED,0.000960163,0.082230273,Indirect
5,NEF,B07,63,D,ADAPTED,0.000589342,0.047234067,Indirect
5,NEF,B35,63,D,ADAPTED,0.000667867,0.052058296,Indirect
5,NEF,B35,63,E,NONADAPTED,0.002481009,0.123630282,Indirect
5,NEF,C07,63,E,NONADAPTED,0.003877361,0.166747094,Indirect
5,NEF,B45,64,D,ADAPTED,5.63262E-006,0.000861526,Direct
5,NEF,B45,64,E,NONADAPTED,8.50343E-006,0.001242038,Direct
5,NEF,B15,65,G,ADAPTED,0.000661676,0.053931444,Indirect
5,NEF,B41,65,D,ADAPTED,0.000146752,0.01468697,Direct
5,NEF,B41,65,E,NONADAPTED,2.70593E-005,0.003566772,Direct
5,NEF,B45,65,D,ADAPTED,1.11232E-012,4.74582E-010,Direct
5,NEF,B45,65,E,NONADAPTED,4.93058E-016,3.47563E-013,Direct
5,NEF,B45,65,G,ADAPTED,0.000828342,0.059688457,Indirect
5,NEF,B07,71,K,ADAPTED,2.08849E-045,5.64344E-042,Direct
5,NEF,B07,71,R,NONADAPTED,2.08849E-045,5.64344E-042,Direct
5,NEF,B07,71,T,ADAPTED,6.0844E-007,0.000106071,Direct
5,NEF,B39,71,K,ADAPTED,4.26775E-008,1.15322E-005,Direct
5,NEF,B39,71,R,NONADAPTED,6.78785E-009,2.15787E-006,Direct
5,NEF,B46,71,R,NONADAPTED,0.00273138,0.1712569,Indirect
5,NEF,B57,71,K,NONADAPTED,0.001667354,0.097591387,Indirect
5,NEF,B57,71,R,ADAPTED,0.000287953,0.025936569,Indirect
5,NEF,C07,71,K,ADAPTED,0.001872849,0.106542106,Indirect
5,NEF,C07,71,R,NONADAPTED,1.32407E-005,0.0021684,Direct
5,NEF,C08,71,R,ADAPTED,0.000990414,0.068040571,Indirect
5,NEF,B81,76,L,NONADAPTED,3.68582E-010,0.000000122,Direct
5,NEF,B81,76,V,ADAPTED,2.59898E-007,4.78833E-005,Direct
5,NEF,A03,80,N,ADAPTED,0.004049725,0.17093781,Indirect
5,NEF,B07,80,N,ADAPTED,1.54354E-008,3.68021E-006,Direct
5,NEF,B07,80,T,NONADAPTED,3.74581E-007,6.74786E-005,Direct
5,NEF,B35,80,D,ADAPTED,0.001810681,0.131056095,Indirect
5,NEF,B40,80,D,ADAPTED,0.002652048,0.129902292,Indirect
5,NEF,B40,80,T,NONADAPTED,0.003809186,0.165079017,Indirect
5,NEF,C16,80,N,ADAPTED,0.000302425,0.027089623,Indirect
5,NEF,B35,81,F,ADAPTED,7.20152E-044,1.66797E-040,Direct
5,NEF,B35,81,H,ADAPTED,0.001657415,0.107884364,Indirect
5,NEF,B35,81,Y,NONADAPTED,2.08849E-045,5.64344E-042,Direct
5,NEF,B38,81,Y,NONADAPTED,0.004497464,0.182324099,Indirect
5,NEF,B39,81,F,ADAPTED,0.002427463,0.122225001,Indirect
5,NEF,B44,81,P,ADAPTED,0.000787622,0.057974679,Indirect
5,NEF,B14,82,K,NONADAPTED,2.98977E-005,0.003847076,Indirect
5,NEF,B14,82,R,ADAPTED,0.004991015,0.194304018,Indirect
5,NEF,C03,82,R,NONADAPTED,0.000338006,0.029741671,Indirect
5,NEF,A03,83,A,NONADAPTED,5.09452E-013,2.42934E-010,Direct
5,NEF,A03,83,G,ADAPTED,3.78523E-014,2.04566E-011,Direct
5,NEF,A11,83,A,NONADAPTED,1.27718E-013,6.47092E-011,Direct
5,NEF,A11,83,G,ADAPTED,1.49378E-012,6.20991E-010,Direct
5,NEF,A34,83,A,NONADAPTED,0.001015824,0.069199801,Indirect
5,NEF,A34,83,G,ADAPTED,0.001132974,0.075311472,Indirect
5,NEF,B08,83,A,ADAPTED,0.002735801,0.1712569,Indirect
5,NEF,B35,83,E,ADAPTED,0.003243909,0.191947056,Indirect
5,NEF,B52,83,A,NONADAPTED,0.005128434,0.197499527,Indirect
5,NEF,B57,83,A,NONADAPTED,2.2539E-006,0.000365424,Indirect
5,NEF,B57,83,G,ADAPTED,7.87617E-007,0.000133017,Indirect
5,NEF,B58,83,A,NONADAPTED,0.002603249,0.127898416,Indirect
5,NEF,B58,83,G,ADAPTED,0.000787545,0.057974679,Indirect
5,NEF,C03,83,A,NONADAPTED,1.3921E-019,1.50468E-016,Direct
5,NEF,C03,83,G,ADAPTED,2.89807E-018,2.5742E-015,Direct
5,NEF,C07,83,A,ADAPTED,6.14818E-005,0.007019749,Indirect
5,NEF,C07,83,G,NONADAPTED,0.000123159,0.01288245,Indirect
5,NEF,A26,84,A,NONADAPTED,0.001283764,0.080987021,Indirect
5,NEF,A02,85,F,ADAPTED,0.0011022,0.090252343,Indirect
5,NEF,A02,85,L,NONADAPTED,0.000666519,0.060709399,Indirect
5,NEF,A02,85,M,NONADAPTED,0.002177876,0.115015951,Indirect
5,NEF,A03,85,L,ADAPTED,0.000171686,0.016768315,Indirect
5,NEF,A03,85,V,NONADAPTED,2.09162E-007,3.89787E-005,Indirect
5,NEF,A11,85,L,ADAPTED,3.41455E-018,2.768E-015,Direct
5,NEF,A11,85,V,NONADAPTED,1.16311E-019,1.34697E-016,Direct
5,NEF,A24,85,R,NONADAPTED,0.002743247,0.131824487,Indirect
5,NEF,A33,85,V,ADAPTED,0.000917988,0.064710203,Indirect
5,NEF,A68,85,L,ADAPTED,0.000591409,0.047234067,Indirect
5,NEF,A68,85,V,NONADAPTED,6.19247E-009,1.59363E-006,Direct
5,NEF,B07,85,L,NONADAPTED,2.66363E-011,1.02822E-008,Direct
5,NEF,B07,85,V,ADAPTED,4.23404E-008,8.68943E-006,Indirect
5,NEF,B14,85,L,NONADAPTED,1.31022E-014,7.32501E-012,Indirect
5,NEF,B14,85,M,ADAPTED,1.41949E-005,0.001983979,Direct
5,NEF,B14,85,R,ADAPTED,0.00011991,0.012624054,Indirect
5,NEF,B55,85,L,ADAPTED,0.002108003,0.146055791,Indirect
5,NEF,B55,85,V,NONADAPTED,0.0027902,0.173323828,Indirect
5,NEF,B57,85,L,ADAPTED,0.004531001,0.182324099,Indirect
5,NEF,B57,85,V,NONADAPTED,0.000348055,0.030267533,Indirect
5,NEF,B58,85,V,ADAPTED,0.00011478,0.014374335,Direct
5,NEF,C03,85,L,ADAPTED,4.42575E-009,1.17631E-006,Indirect
5,NEF,C03,85,V,NONADAPTED,2.92966E-016,2.15902E-013,Direct
5,NEF,C05,85,L,NONADAPTED,0.000583352,0.054045102,Indirect
5,NEF,C08,85,F,ADAPTED,9.58258E-016,6.21449E-013,Direct
5,NEF,C08,85,L,NONADAPTED,3.1942E-009,1.10186E-006,Direct
5,NEF,C08,85,V,NONADAPTED,0.000360665,0.031103497,Indirect
5,NEF,B35,86,D,NONADAPTED,0.000969711,0.067187736,Indirect
5,NEF,B35,86,N,ADAPTED,0.000667006,0.052058296,Indirect
5,NEF,C08,86,D,NONADAPTED,0.003930891,0.167714576,Indirect
5,NEF,C08,86,N,ADAPTED,0.000762529,0.057235547,Indirect
5,NEF,A33,87,M,ADAPTED,0.001132882,0.075311472,Indirect
5,NEF,B08,87,I,ADAPTED,3.15049E-005,0.004021966,Indirect
5,NEF,B08,87,L,NONADAPTED,0.000177675,0.017249401,Indirect
5,NEF,B14,87,L,NONADAPTED,0.000285951,0.025900119,Indirect
5,NEF,B14,87,M,ADAPTED,0.00062715,0.049422857,Indirect
5,NEF,B14,89,F,ADAPTED,1.10291E-005,0.001568546,Indirect
5,NEF,B14,89,H,NONADAPTED,1.5564E-010,5.48565E-008,Indirect
5,NEF,B08,91,F,ADAPTED,0.003168,0.143471475,Indirect
5,NEF,B14,91,F,ADAPTED,0.00040764,0.040870956,Indirect
5,NEF,B14,91,L,NONADAPTED,6.16132E-007,0.00010627,Direct
5,NEF,B27,91,I,ADAPTED,0.000544872,0.04395029,Indirect
5,NEF,C01,91,L,NONADAPTED,0.000711356,0.054235933,Indirect
5,NEF,C08,91,I,ADAPTED,4.98626E-005,0.005944287,Direct
5,NEF,A11,92,K,NONADAPTED,5.19272E-032,1.05237E-028,Direct
5,NEF,A11,92,R,ADAPTED,1.10024E-029,1.62165E-026,Direct
5,NEF,A11,93,K,ADAPTED,0.002381175,0.121021898,Indirect
5,NEF,B08,93,E,NONADAPTED,0.002670012,0.13015866,Indirect
5,NEF,B08,93,K,ADAPTED,0.000224235,0.02089377,Indirect
5,NEF,B40,93,D,ADAPTED,3.26659E-005,0.004137601,Direct
5,NEF,B40,93,E,NONADAPTED,9.13854E-008,2.27943E-005,Direct
5,NEF,B44,93,D,ADAPTED,1.84741E-006,0.000302546,Direct
5,NEF,B44,93,E,NONADAPTED,1.10612E-006,0.000213495,Direct
5,NEF,A01,94,K,NONADAPTED,0.000435373,0.036198482,Indirect
5,NEF,A11,94,E,ADAPTED,0.001299261,0.08101891,Indirect
5,NEF,A26,94,K,ADAPTED,0.002558238,0.132330508,Indirect
5,NEF,B08,94,E,ADAPTED,7.10105E-010,2.25744E-007,Direct
5,NEF,B08,94,K,NONADAPTED,2.08849E-045,5.64344E-042,Direct
5,NEF,B08,94,M,ADAPTED,2.65921E-009,7.43341E-007,Direct
5,NEF,B08,94,N,ADAPTED,1.0171E-010,3.66451E-008,Direct
5,NEF,B08,94,Q,ADAPTED,9.21434E-019,8.78777E-016,Direct
5,NEF,B08,94,T,ADAPTED,0.000790255,0.057974679,Indirect
5,NEF,B52,94,N,ADAPTED,0.004818736,0.190087998,Indirect
5,NEF,C07,94,K,NONADAPTED,0.003122584,0.14260972,Indirect
5,NEF,A02,98,D,NONADAPTED,8.96194E-005,0.009751668,Indirect
5,NEF,A02,98,E,ADAPTED,0.000140391,0.014225955,Indirect
5,NEF,B40,98,D,ADAPTED,0.000000019,4.35007E-006,Direct
5,NEF,B40,98,E,NONADAPTED,2.88915E-009,7.93928E-007,Direct
5,NEF,B40,100,I,ADAPTED,4.71419E-006,0.000740532,Indirect
5,NEF,B40,100,L,NONADAPTED,1.94338E-015,1.16697E-012,Direct
5,NEF,B40,100,M,ADAPTED,1.61607E-009,4.76388E-007,Direct
5,NEF,B44,100,I,ADAPTED,0.002305024,0.120024559,Indirect
5,NEF,B08,101,I,ADAPTED,0.000163909,0.019256942,Direct
5,NEF,B08,101,V,NONADAPTED,0.000031476,0.004725191,Direct
5,NEF,B14,101,I,ADAPTED,1.14708E-006,0.000218796,Direct
5,NEF,B14,101,V,NONADAPTED,3.0416E-006,0.000547927,Direct
5,NEF,B40,101,I,ADAPTED,2.37125E-008,5.25218E-006,Direct
5,NEF,B40,101,V,NONADAPTED,3.9741E-008,8.26053E-006,Direct
5,NEF,C01,101,I,NONADAPTED,0.002791087,0.132330508,Indirect
5,NEF,C05,101,P,ADAPTED,0.00081451,0.058953789,Indirect
5,NEF,A11,102,F,ADAPTED,0.001323525,0.105187818,Indirect
5,NEF,A26,102,F,ADAPTED,0.003542659,0.156504445,Indirect
5,NEF,A29,102,Y,NONADAPTED,4.21667E-009,1.13941E-006,Indirect
5,NEF,B40,102,H,NONADAPTED,0.002417224,0.122088638,Indirect
5,NEF,B40,102,Y,ADAPTED,0.000136189,0.014063946,Indirect
5,NEF,B44,102,H,ADAPTED,4.35178E-005,0.005265334,Indirect
5,NEF,B49,102,Y,ADAPTED,0.002868209,0.134789189,Indirect
5,NEF,C08,102,H,ADAPTED,5.9391E-007,0.000104664,Indirect
5,NEF,C08,102,Y,NONADAPTED,0.000209368,0.019735337,Indirect
5,NEF,C16,102,H,ADAPTED,3.79286E-011,0.000000014,Direct
5,NEF,C16,102,Y,NONADAPTED,8.54607E-009,2.61429E-006,Direct
5,NEF,B08,104,R,ADAPTED,0.004973299,0.194294217,Indirect
5,NEF,B39,104,P,ADAPTED,0.003010521,0.182125266,Indirect
5,NEF,A03,105,Q,ADAPTED,0.003118216,0.14260972,Indirect
5,NEF,A03,105,R,NONADAPTED,0.000806268,0.058618934,Indirect
5,NEF,A74,105,K,ADAPTED,0.002083857,0.111503537,Indirect
5,NEF,B08,105,K,NONADAPTED,1.79431E-008,4.15589E-006,Direct
5,NEF,B08,105,R,ADAPTED,2.36587E-019,2.39737E-016,Direct
5,NEF,B49,105,K,NONADAPTED,4.40422E-006,0.000776148,Direct
5,NEF,B49,105,R,ADAPTED,1.05241E-005,0.001509978,Direct
5,NEF,C07,105,K,NONADAPTED,4.05229E-027,5.47498E-024,Direct
5,NEF,C07,105,Q,ADAPTED,7.76353E-014,5.24459E-011,Direct
5,NEF,C07,105,R,ADAPTED,0.000878517,0.062746223,Indirect
5,NEF,B13,107,Q,NONADAPTED,1.10059E-012,4.74582E-010,Direct
5,NEF,B13,107,R,ADAPTED,5.35208E-015,3.09904E-012,Direct
5,NEF,C16,107,R,ADAPTED,0.000569016,0.05301983,Indirect
5,NEF,B18,108,D,ADAPTED,0.000967784,0.082230273,Indirect
5,NEF,B18,108,E,NONADAPTED,0.001092618,0.089921897,Indirect
5,NEF,B44,108,D,ADAPTED,0.000204134,0.023054669,Indirect
5,NEF,B44,108,E,NONADAPTED,0.000319823,0.03411378,Indirect
5,NEF,B51,111,D,NONADAPTED,0.002061956,0.110760137,Indirect
5,NEF,B51,111,N,ADAPTED,0.002051769,0.110760137,Indirect
5,NEF,B27,112,L,NONADAPTED,0.004698774,0.187177455,Indirect
5,NEF,C02,112,M,ADAPTED,0.002380876,0.121021898,Indirect
5,NEF,A30,114,I,NONADAPTED,0.000115982,0.012453134,Indirect
5,NEF,A30,114,V,ADAPTED,0.000138861,0.014159407,Indirect
5,NEF,C07,114,I,ADAPTED,1.93635E-009,5.50773E-007,Direct
5,NEF,C07,114,V,NONADAPTED,1.88288E-009,5.45128E-007,Direct
5,NEF,C07,115,Y,NONADAPTED,0.003733652,0.16316361,Indirect
5,NEF,B57,116,H,NONADAPTED,2.02481E-031,3.28283E-028,Direct
5,NEF,B57,116,N,ADAPTED,2.02481E-031,3.28283E-028,Direct
5,NEF,A30,120,F,ADAPTED,1.04121E-007,2.03388E-005,Direct
5,NEF,A30,120,Y,NONADAPTED,0.000000024,5.25218E-006,Direct
5,NEF,B14,120,Y,ADAPTED,0.000455848,0.044791896,Indirect
5,NEF,C14,120,F,ADAPTED,1.61599E-009,4.76388E-007,Direct
5,NEF,C14,120,Y,NONADAPTED,7.3614E-009,1.86485E-006,Direct
5,NEF,A32,125,Q,ADAPTED,0.002570664,0.165389587,Indirect
5,NEF,B13,125,H,ADAPTED,0.001062682,0.072088974,Indirect
5,NEF,B49,125,S,ADAPTED,0.000145041,0.014605862,Direct
5,NEF,B51,125,D,ADAPTED,0.001374208,0.10868313,Indirect
5,NEF,C04,125,S,ADAPTED,0.004240366,0.177646135,Indirect
5,NEF,C07,125,H,NONADAPTED,0.004395325,0.181115897,Indirect
5,NEF,C14,125,D,ADAPTED,3.98176E-005,0.004890632,Indirect
5,NEF,C14,125,Q,NONADAPTED,2.04859E-007,3.86207E-005,Direct
5,NEF,A26,126,S,ADAPTED,3.89786E-005,0.004824123,Direct
5,NEF,B51,126,S,ADAPTED,1.66864E-005,0.002292681,Direct
5,NEF,C01,126,N,NONADAPTED,0.002419378,0.160103604,Indirect
5,NEF,C14,126,C,ADAPTED,2.19448E-010,7.41233E-008,Direct
5,NEF,C14,126,N,NONADAPTED,5.29634E-014,2.76998E-011,Direct
5,NEF,A30,129,Q,ADAPTED,0.003680686,0.161283676,Indirect
5,NEF,B35,129,P,NONADAPTED,0.002856584,0.176098105,Indirect
5,NEF,C17,129,P,NONADAPTED,0.000204766,0.023054669,Indirect
5,NEF,A23,133,I,NONADAPTED,0.000193036,0.018518864,Indirect
5,NEF,A23,133,T,ADAPTED,0.001074927,0.072615766,Indirect
5,NEF,A24,133,I,NONADAPTED,5.01277E-012,0.000000002,Indirect
5,NEF,A24,133,T,ADAPTED,1.63231E-011,6.4548E-009,Indirect
5,NEF,B07,133,I,NONADAPTED,1.93322E-005,0.003043041,Direct
5,NEF,B07,133,V,ADAPTED,0.00080416,0.058618934,Indirect
5,NEF,B35,133,I,NONADAPTED,1.94461E-008,4.37888E-006,Direct
5,NEF,B35,133,P,ADAPTED,0.000235206,0.02154456,Indirect
5,NEF,B35,133,T,ADAPTED,8.81621E-016,5.95572E-013,Direct
5,NEF,B35,133,V,NONADAPTED,0.000106889,0.01364554,Direct
5,NEF,B38,133,I,ADAPTED,7.88342E-006,0.001161944,Indirect
5,NEF,B38,133,T,NONADAPTED,0.000000001,3.08263E-007,Direct
5,NEF,B42,133,I,NONADAPTED,0.003488625,0.154989075,Indirect
5,NEF,B53,133,I,ADAPTED,0.005197262,0.19967585,Indirect
5,NEF,B57,133,I,ADAPTED,1.44271E-005,0.001999199,Indirect
5,NEF,B57,133,T,NONADAPTED,5.83946E-013,2.705E-010,Direct
5,NEF,C02,133,P,ADAPTED,0.005021488,0.194304018,Indirect
5,NEF,C06,133,V,ADAPTED,0.002785765,0.132330508,Indirect
5,NEF,A23,135,F,ADAPTED,2.7447E-011,1.03488E-008,Direct
5,NEF,A23,135,Y,NONADAPTED,2.07751E-010,7.16653E-008,Indirect
5,NEF,A24,135,F,ADAPTED,2.08849E-045,5.64344E-042,Direct
5,NEF,A24,135,Y,NONADAPTED,2.08849E-045,5.64344E-042,Direct
5,NEF,A29,135,F,NONADAPTED,0.002277062,0.155117643,Indirect
5,NEF,B57,135,F,NONADAPTED,0.001494387,0.09001881,Indirect
5,NEF,B57,135,Y,ADAPTED,0.000204086,0.019349978,Indirect
5,NEF,C15,135,L,ADAPTED,0.001424911,0.087177679,Indirect
5,NEF,A03,139,F,NONADAPTED,0.001979078,0.109401034,Indirect
5,NEF,A24,139,F,NONADAPTED,3.58955E-005,0.005200231,Direct
5,NEF,A24,139,L,ADAPTED,1.27782E-007,2.43732E-005,Direct
5,NEF,A32,139,F,NONADAPTED,0.002368278,0.121021898,Indirect
5,NEF,A32,139,Y,ADAPTED,0.000376938,0.032164757,Indirect
5,NEF,B57,139,L,ADAPTED,0.002725092,0.131493801,Indirect
5,NEF,A23,143,F,NONADAPTED,3.0167E-018,2.5742E-015,Direct
5,NEF,A23,143,Y,ADAPTED,6.32525E-018,4.88339E-015,Direct
5,NEF,B81,149,D,ADAPTED,0.000862902,0.074416083,Indirect
5,NEF,C15,149,N,ADAPTED,0.00400875,0.169696783,Indirect
5,NEF,A02,150,P,NONADAPTED,0.00047671,0.046005369,Indirect
5,NEF,B51,150,K,ADAPTED,0.00336358,0.151482568,Indirect
5,NEF,B51,150,Q,NONADAPTED,8.98369E-007,0.000150157,Direct
5,NEF,B53,150,P,ADAPTED,0.003963195,0.168207524,Indirect
5,NEF,B53,150,Q,NONADAPTED,0.004941291,0.193510018,Indirect
5,NEF,B57,150,P,NONADAPTED,0.003285733,0.193478937,Indirect
5,NEF,A02,151,D,ADAPTED,5.41549E-007,0.000108397,Direct
5,NEF,A02,151,E,NONADAPTED,4.97851E-007,0.000100896,Direct
5,NEF,B35,151,R,ADAPTED,0.001180384,0.076857705,Indirect
5,NEF,A02,152,D,ADAPTED,0.001582973,0.09421775,Indirect
5,NEF,B51,152,D,ADAPTED,0.003063238,0.141091717,Indirect
5,NEF,B51,152,E,NONADAPTED,0.002673338,0.13015866,Indirect
5,NEF,A02,153,I,ADAPTED,1.44671E-012,7.81849E-010,Direct
5,NEF,A02,153,V,NONADAPTED,8.92709E-013,5.36055E-010,Direct
5,NEF,A23,155,E,ADAPTED,0.000412151,0.034622858,Indirect
5,NEF,A23,155,K,NONADAPTED,0.000158474,0.015762775,Indirect
5,NEF,A11,156,I,ADAPTED,0.000746228,0.056272557,Indirect
5,NEF,A29,156,E,ADAPTED,0.000163291,0.019256942,Direct
5,NEF,A03,158,A,NONADAPTED,0.003923199,0.167714576,Indirect
5,NEF,A29,158,G,ADAPTED,0.001683482,0.123503614,Indirect
5,NEF,C03,158,N,ADAPTED,0.001254742,0.079776979,Indirect
5,NEF,C05,158,A,NONADAPTED,0.004332767,0.180120889,Indirect
5,NEF,B18,161,N,NONADAPTED,0.001983834,0.109401034,Indirect
5,NEF,C01,161,N,ADAPTED,0.002358763,0.158183954,Indirect
5,NEF,B40,162,N,NONADAPTED,0.001923061,0.107884364,Indirect
5,NEF,A24,163,H,ADAPTED,0.003012467,0.140348065,Indirect
5,NEF,B40,163,S,NONADAPTED,2.96994E-005,0.003847076,Indirect
5,NEF,B44,163,K,NONADAPTED,0.002319264,0.157331509,Indirect
5,NEF,B40,168,L,NONADAPTED,0.001478358,0.114136278,Indirect
5,NEF,B42,168,M,NONADAPTED,0.000236942,0.026311902,Indirect
5,NEF,B82,169,N,ADAPTED,0.001778495,0.102250859,Indirect
5,NEF,C05,169,C,NONADAPTED,0.001554314,0.11775745,Indirect
5,NEF,A74,170,L,NONADAPTED,0.002812908,0.174067469,Indirect
5,NEF,B08,170,Q,ADAPTED,0.001757635,0.127787122,Indirect
5,NEF,C06,170,R,ADAPTED,6.93612E-005,0.007702423,Direct
5,NEF,B13,173,I,NONADAPTED,0.002941639,0.137443193,Indirect
5,NEF,B18,173,M,NONADAPTED,0.002453817,0.123169473,Indirect
5,NEF,B52,173,V,ADAPTED,0.004567393,0.182842341,Indirect
5,NEF,B40,174,D,ADAPTED,2.4972E-013,1.22688E-010,Direct
5,NEF,B40,174,E,NONADAPTED,6.52686E-013,2.93944E-010,Direct
5,NEF,B44,174,D,ADAPTED,1.66561E-006,0.000310397,Direct
5,NEF,B44,174,E,NONADAPTED,0.000004988,0.000770195,Direct
5,NEF,B58,174,D,NONADAPTED,0.002241038,0.117967389,Indirect
5,NEF,B58,174,E,ADAPTED,0.001480071,0.089874117,Indirect
5,NEF,A74,176,P,NONADAPTED,0.002158005,0.114339018,Indirect
5,NEF,B44,176,E,NONADAPTED,0.001668373,0.110760137,Indirect
5,NEF,B53,176,P,NONADAPTED,1.05057E-015,6.55109E-013,Direct
5,NEF,B53,176,S,ADAPTED,4.83193E-008,9.79252E-006,Direct
5,NEF,B53,176,T,ADAPTED,0.000228193,0.021141077,Indirect
5,NEF,B58,176,P,NONADAPTED,0.00011579,0.012453134,Indirect
5,NEF,C04,176,T,ADAPTED,0.000709545,0.063557205,Indirect
5,NEF,A11,177,E,ADAPTED,0.000787581,0.057974679,Indirect
5,NEF,B07,177,D,ADAPTED,4.31534E-005,0.005260493,Direct
5,NEF,B27,178,R,NONADAPTED,0.0025035,0.163666308,Indirect
5,NEF,B18,179,E,NONADAPTED,0.004535168,0.182324099,Indirect
5,NEF,B18,179,Q,ADAPTED,0.000968728,0.082230273,Indirect
5,NEF,B57,179,Q,ADAPTED,9.63427E-005,0.012396859,Direct
5,NEF,A01,182,R,ADAPTED,0.003230399,0.191947056,Indirect
5,NEF,A11,182,I,NONADAPTED,0.003178957,0.143566659,Indirect
5,NEF,A23,182,V,ADAPTED,0.003581658,0.157369725,Indirect
5,NEF,A69,182,Q,ADAPTED,0.002618528,0.140918888,Indirect
5,NEF,B18,182,L,ADAPTED,0.000768793,0.057439794,Indirect
5,NEF,B18,182,M,ADAPTED,0.000462859,0.045206806,Indirect
5,NEF,B18,182,V,NONADAPTED,1.13716E-008,2.75175E-006,Direct
5,NEF,B37,182,M,ADAPTED,0.001175893,0.076857705,Indirect
5,NEF,B37,182,V,NONADAPTED,1.03628E-007,2.03388E-005,Direct
5,NEF,B53,182,A,ADAPTED,7.57696E-005,0.008300355,Direct
5,NEF,A68,184,K,NONADAPTED,0.003489238,0.154989075,Indirect
5,NEF,B14,184,K,ADAPTED,0.000203438,0.019349978,Indirect
5,NEF,B14,184,R,NONADAPTED,0.001311147,0.08144687,Indirect
5,NEF,B27,184,K,ADAPTED,6.54326E-006,0.000991457,Direct
5,NEF,B27,184,R,NONADAPTED,7.1282E-007,0.000121652,Direct
5,NEF,B35,184,E,ADAPTED,0.00033937,0.029741671,Indirect
5,NEF,C02,184,K,NONADAPTED,3.62441E-005,0.005200231,Direct
5,NEF,C02,184,R,ADAPTED,0.001005458,0.084463677,Indirect
5,NEF,A31,187,S,NONADAPTED,1.38284E-005,0.001949565,Indirect
5,NEF,B53,187,R,ADAPTED,0.000137101,0.014068459,Indirect
5,NEF,A01,188,T,NONADAPTED,0.001237833,0.079324043,Indirect
5,NEF,A03,188,N,ADAPTED,0.0003692,0.038126401,Indirect
5,NEF,A30,188,N,ADAPTED,0.00290799,0.136263682,Indirect
5,NEF,A31,188,H,ADAPTED,0.001383797,0.085552798,Indirect
5,NEF,A31,188,M,ADAPTED,0.004815031,0.190087998,Indirect
5,NEF,A31,188,R,NONADAPTED,2.36218E-007,5.39408E-005,Direct
5,NEF,A74,188,L,ADAPTED,0.000212142,0.019881297,Indirect
5,NEF,A74,188,R,NONADAPTED,6.22038E-005,0.007052514,Indirect
5,NEF,B27,188,H,ADAPTED,0.000132189,0.013738309,Indirect
5,NEF,B35,188,H,NONADAPTED,0.002522619,0.164253935,Indirect
5,NEF,B49,188,H,ADAPTED,0.00158647,0.09421775,Indirect
5,NEF,B39,191,L,ADAPTED,0.002380928,0.121021898,Indirect
5,NEF,B51,191,H,ADAPTED,0.000969612,0.067187736,Indirect
5,NEF,C08,191,F,NONADAPTED,3.25863E-008,6.86133E-006,Indirect
5,NEF,C08,191,L,ADAPTED,0.000524122,0.042487971,Indirect
5,NEF,C08,191,Y,ADAPTED,7.01186E-005,0.007733561,Indirect
5,NEF,A74,192,H,NONADAPTED,0.002343686,0.120629158,Indirect
5,NEF,B08,192,T,ADAPTED,0.003132285,0.142650962,Indirect
5,NEF,B39,192,H,NONADAPTED,0.001274315,0.080704973,Indirect
5,NEF,A31,194,V,NONADAPTED,2.53665E-005,0.003371045,Direct
5,NEF,A68,194,R,NONADAPTED,0.0023611,0.123630282,Indirect
5,NEF,A74,194,L,ADAPTED,0.000232399,0.021408421,Indirect
5,NEF,B08,194,M,ADAPTED,1.00879E-005,0.001460317,Direct
5,NEF,B08,194,V,NONADAPTED,5.80467E-005,0.006674541,Direct
5,NEF,B35,194,M,NONADAPTED,3.14085E-007,5.72165E-005,Indirect
5,NEF,B35,194,V,ADAPTED,4.75022E-006,0.000740532,Direct
5,NEF,B48,194,M,NONADAPTED,0.001505894,0.090092475,Indirect
5,NEF,A03,196,K,NONADAPTED,2.20096E-005,0.003431173,Direct
5,NEF,A03,196,R,ADAPTED,0.000242385,0.026597032,Indirect
5,NEF,A31,196,K,ADAPTED,0.000397557,0.04028493,Indirect
5,NEF,A31,196,R,NONADAPTED,0.002975035,0.180652575,Indirect
5,NEF,A33,197,E,NONADAPTED,0.00207814,0.144681334,Indirect
5,NEF,A33,197,Q,ADAPTED,0.000978228,0.067489376,Indirect
5,NEF,B57,198,L,NONADAPTED,3.75506E-007,7.80524E-005,Direct
5,NEF,B57,198,M,ADAPTED,5.23621E-005,0.006151784,Direct
5,NEF,C08,198,M,NONADAPTED,0.001674708,0.123503614,Indirect
5,NEF,C12,198,Q,ADAPTED,0.003161286,0.143471475,Indirect
5,NEF,C14,198,K,ADAPTED,1.40571E-005,0.00227863,Direct
5,NEF,C14,198,L,NONADAPTED,0.000164709,0.016191881,Indirect
5,NEF,C16,198,K,NONADAPTED,0.003487036,0.154989075,Indirect
5,NEF,C16,198,L,NONADAPTED,0.002957455,0.180260235,Indirect
5,NEF,C16,198,M,ADAPTED,0.002213969,0.126871833,Indirect
5,NEF,A11,199,Y,NONADAPTED,0.003511293,0.15554259,Indirect
5,NEF,B58,201,D,ADAPTED,0.000467183,0.045355953,Indirect
5,NEF,B58,201,E,NONADAPTED,0.001979351,0.109401034,Indirect
5,NEF,B14,203,F,ADAPTED,0.000511356,0.041661415,Indirect
5,NEF,B14,203,Y,NONADAPTED,0.001499111,0.09001881,Indirect
5,NEF,B13,205,D,ADAPTED,0.00255859,0.165268622,Indirect
5,NEF,B13,205,N,NONADAPTED,0.00070352,0.063557205,Indirect
5,NEF,B50,206,C,NONADAPTED,0.001470816,0.114097299,Indirect
5,NEF,C07,206,R,NONADAPTED,0.002504481,0.123938167,Indirect
